ID_USUARIO,NOMBRE,PRIMER_APELLIDO,SEGUNDO_APELLIDO,TELEFONO,CORREO,COMUNA_USER,NOMBRE_INSTITUCION,TIPO_INSTITUCION,TIPO_FORMACION,NOMBRE_TITULO,NOMBRE_HABILIDAD,NOMBRE_IDIOMA,NOM_LOGRO,ID_EXPERIENCIA,NOMBRE_EMPLEO,FECHA_INICIO_EXP,FECHA_TERMINO_EXP,DESCRIPCION,COMUNA_INSTITU,TIPO_EMPLEO_EXP,TIPO_CARGO_EXP,NOM_MODALIDAD,COMPETENCIA_USER,ID_FORMULARIO,FECHA_FORMULARIO,PRETENCION_RENTA,INFO_ADICIONAL,ID_OFERTA,NOM_OFERTA,FECHA_OFERTA,ANHOS_EXPERIENCIA_OFERTA,NOM_CARGO_OFERTA,MODALIDAD_OFERTA,COMUNA_OFERTA,COMPETENCIA_OFERTA
3,Alvaro,Orrego,Muñoz,31271572,alv.orrego@duocuc.cl,Independencia,Duoc UC,Instituto,Superior completa,Ing. en Informática,Adaptabilidad,Inglés,Reconocimiento en competencia de conocimientos,,,,,,,,,,python,144,2023-11-18 00:00:00,1200000,Tengo experiencia en...,142,Científico de datos,2023-11-16 00:00:00,5,Analista de Datos,Hibrido,Las Condes,sql
3,Alvaro,Orrego,Muñoz,31271572,alv.orrego@duocuc.cl,Independencia,Duoc UC,Instituto,Superior completa,Ing. en Informática,Adaptabilidad,Inglés,Reconocimiento en competencia de conocimientos,,,,,,,,,,sql,144,2023-11-18 00:00:00,1200000,Tengo experiencia en...,142,Científico de datos,2023-11-16 00:00:00,5,Analista de Datos,Hibrido,Las Condes,sql
3,Alvaro,Orrego,Muñoz,31271572,alv.orrego@duocuc.cl,Independencia,Duoc UC,Instituto,Superior completa,Ing. en Informática,Adaptabilidad,Inglés,Reconocimiento en competencia de conocimientos,,,,,,,,,,JavaScript,144,2023-11-18 00:00:00,1200000,Tengo experiencia en...,142,Científico de datos,2023-11-16 00:00:00,5,Analista de Datos,Hibrido,Las Condes,sql
3,Alvaro,Orrego,Muñoz,31271572,alv.orrego@duocuc.cl,Independencia,Duoc UC,Instituto,Superior completa,Ing. en Informática,Adaptabilidad,Inglés,Reconocimiento en competencia de conocimientos,,,,,,,,,,python,144,2023-11-18 00:00:00,1200000,Tengo experiencia en...,142,Científico de datos,2023-11-16 00:00:00,5,Analista de Datos,Hibrido,Las Condes,R
3,Alvaro,Orrego,Muñoz,31271572,alv.orrego@duocuc.cl,Independencia,Duoc UC,Instituto,Superior completa,Ing. en Informática,Adaptabilidad,Inglés,Reconocimiento en competencia de conocimientos,,,,,,,,,,sql,144,2023-11-18 00:00:00,1200000,Tengo experiencia en...,142,Científico de datos,2023-11-16 00:00:00,5,Analista de Datos,Hibrido,Las Condes,R
3,Alvaro,Orrego,Muñoz,31271572,alv.orrego@duocuc.cl,Independencia,Duoc UC,Instituto,Superior completa,Ing. en Informática,Adaptabilidad,Inglés,Reconocimiento en competencia de conocimientos,,,,,,,,,,JavaScript,144,2023-11-18 00:00:00,1200000,Tengo experiencia en...,142,Científico de datos,2023-11-16 00:00:00,5,Analista de Datos,Hibrido,Las Condes,R
3,Alvaro,Orrego,Muñoz,31271572,alv.orrego@duocuc.cl,Independencia,Duoc UC,Instituto,Superior completa,Ing. en Informática,Adaptabilidad,Inglés,Reconocimiento en competencia de conocimientos,,,,,,,,,,python,144,2023-11-18 00:00:00,1200000,Tengo experiencia en...,142,Científico de datos,2023-11-16 00:00:00,5,Analista de Datos,Hibrido,Las Condes,JavaScript
3,Alvaro,Orrego,Muñoz,31271572,alv.orrego@duocuc.cl,Independencia,Duoc UC,Instituto,Superior completa,Ing. en Informática,Adaptabilidad,Inglés,Reconocimiento en competencia de conocimientos,,,,,,,,,,sql,144,2023-11-18 00:00:00,1200000,Tengo experiencia en...,142,Científico de datos,2023-11-16 00:00:00,5,Analista de Datos,Hibrido,Las Condes,JavaScript
3,Alvaro,Orrego,Muñoz,31271572,alv.orrego@duocuc.cl,Independencia,Duoc UC,Instituto,Superior completa,Ing. en Informática,Adaptabilidad,Inglés,Reconocimiento en competencia de conocimientos,,,,,,,,,,JavaScript,144,2023-11-18 00:00:00,1200000,Tengo experiencia en...,142,Científico de datos,2023-11-16 00:00:00,5,Analista de Datos,Hibrido,Las Condes,JavaScript
3,Alvaro,Orrego,Muñoz,31271572,alv.orrego@duocuc.cl,Independencia,Duoc UC,Instituto,Superior completa,Ing. en Informática,Adaptabilidad,Inglés,Reconocimiento en competencia de conocimientos,,,,,,,,,,python,25,2023-11-12 00:00:00,1500000,asdadad13123adasdasd,438,Ing. Informático,2023-11-10 00:00:00,2,Ingeniero Informático,Hibrido,Santiago,sql
3,Alvaro,Orrego,Muñoz,31271572,alv.orrego@duocuc.cl,Independencia,Duoc UC,Instituto,Superior completa,Ing. en Informática,Adaptabilidad,Inglés,Reconocimiento en competencia de conocimientos,,,,,,,,,,sql,25,2023-11-12 00:00:00,1500000,asdadad13123adasdasd,438,Ing. Informático,2023-11-10 00:00:00,2,Ingeniero Informático,Hibrido,Santiago,sql
3,Alvaro,Orrego,Muñoz,31271572,alv.orrego@duocuc.cl,Independencia,Duoc UC,Instituto,Superior completa,Ing. en Informática,Adaptabilidad,Inglés,Reconocimiento en competencia de conocimientos,,,,,,,,,,JavaScript,25,2023-11-12 00:00:00,1500000,asdadad13123adasdasd,438,Ing. Informático,2023-11-10 00:00:00,2,Ingeniero Informático,Hibrido,Santiago,sql
3,Alvaro,Orrego,Muñoz,31271572,alv.orrego@duocuc.cl,Independencia,Duoc UC,Instituto,Superior completa,Ing. en Informática,Adaptabilidad,Inglés,Reconocimiento en competencia de conocimientos,,,,,,,,,,python,25,2023-11-12 00:00:00,1500000,asdadad13123adasdasd,438,Ing. Informático,2023-11-10 00:00:00,2,Ingeniero Informático,Hibrido,Santiago,python
3,Alvaro,Orrego,Muñoz,31271572,alv.orrego@duocuc.cl,Independencia,Duoc UC,Instituto,Superior completa,Ing. en Informática,Adaptabilidad,Inglés,Reconocimiento en competencia de conocimientos,,,,,,,,,,sql,25,2023-11-12 00:00:00,1500000,asdadad13123adasdasd,438,Ing. Informático,2023-11-10 00:00:00,2,Ingeniero Informático,Hibrido,Santiago,python
3,Alvaro,Orrego,Muñoz,31271572,alv.orrego@duocuc.cl,Independencia,Duoc UC,Instituto,Superior completa,Ing. en Informática,Adaptabilidad,Inglés,Reconocimiento en competencia de conocimientos,,,,,,,,,,JavaScript,25,2023-11-12 00:00:00,1500000,asdadad13123adasdasd,438,Ing. Informático,2023-11-10 00:00:00,2,Ingeniero Informático,Hibrido,Santiago,python
3,Alvaro,Orrego,Muñoz,31271572,alv.orrego@duocuc.cl,Independencia,Duoc UC,Instituto,Superior completa,Ing. en Informática,Adaptabilidad,Español,Reconocimiento en competencia de conocimientos,,,,,,,,,,python,144,2023-11-18 00:00:00,1200000,Tengo experiencia en...,142,Científico de datos,2023-11-16 00:00:00,5,Analista de Datos,Hibrido,Las Condes,sql
3,Alvaro,Orrego,Muñoz,31271572,alv.orrego@duocuc.cl,Independencia,Duoc UC,Instituto,Superior completa,Ing. en Informática,Adaptabilidad,Español,Reconocimiento en competencia de conocimientos,,,,,,,,,,sql,144,2023-11-18 00:00:00,1200000,Tengo experiencia en...,142,Científico de datos,2023-11-16 00:00:00,5,Analista de Datos,Hibrido,Las Condes,sql
3,Alvaro,Orrego,Muñoz,31271572,alv.orrego@duocuc.cl,Independencia,Duoc UC,Instituto,Superior completa,Ing. en Informática,Adaptabilidad,Español,Reconocimiento en competencia de conocimientos,,,,,,,,,,JavaScript,144,2023-11-18 00:00:00,1200000,Tengo experiencia en...,142,Científico de datos,2023-11-16 00:00:00,5,Analista de Datos,Hibrido,Las Condes,sql
3,Alvaro,Orrego,Muñoz,31271572,alv.orrego@duocuc.cl,Independencia,Duoc UC,Instituto,Superior completa,Ing. en Informática,Adaptabilidad,Español,Reconocimiento en competencia de conocimientos,,,,,,,,,,python,144,2023-11-18 00:00:00,1200000,Tengo experiencia en...,142,Científico de datos,2023-11-16 00:00:00,5,Analista de Datos,Hibrido,Las Condes,R
3,Alvaro,Orrego,Muñoz,31271572,alv.orrego@duocuc.cl,Independencia,Duoc UC,Instituto,Superior completa,Ing. en Informática,Adaptabilidad,Español,Reconocimiento en competencia de conocimientos,,,,,,,,,,sql,144,2023-11-18 00:00:00,1200000,Tengo experiencia en...,142,Científico de datos,2023-11-16 00:00:00,5,Analista de Datos,Hibrido,Las Condes,R
3,Alvaro,Orrego,Muñoz,31271572,alv.orrego@duocuc.cl,Independencia,Duoc UC,Instituto,Superior completa,Ing. en Informática,Adaptabilidad,Español,Reconocimiento en competencia de conocimientos,,,,,,,,,,JavaScript,144,2023-11-18 00:00:00,1200000,Tengo experiencia en...,142,Científico de datos,2023-11-16 00:00:00,5,Analista de Datos,Hibrido,Las Condes,R
3,Alvaro,Orrego,Muñoz,31271572,alv.orrego@duocuc.cl,Independencia,Duoc UC,Instituto,Superior completa,Ing. en Informática,Adaptabilidad,Español,Reconocimiento en competencia de conocimientos,,,,,,,,,,python,144,2023-11-18 00:00:00,1200000,Tengo experiencia en...,142,Científico de datos,2023-11-16 00:00:00,5,Analista de Datos,Hibrido,Las Condes,JavaScript
3,Alvaro,Orrego,Muñoz,31271572,alv.orrego@duocuc.cl,Independencia,Duoc UC,Instituto,Superior completa,Ing. en Informática,Adaptabilidad,Español,Reconocimiento en competencia de conocimientos,,,,,,,,,,sql,144,2023-11-18 00:00:00,1200000,Tengo experiencia en...,142,Científico de datos,2023-11-16 00:00:00,5,Analista de Datos,Hibrido,Las Condes,JavaScript
3,Alvaro,Orrego,Muñoz,31271572,alv.orrego@duocuc.cl,Independencia,Duoc UC,Instituto,Superior completa,Ing. en Informática,Adaptabilidad,Español,Reconocimiento en competencia de conocimientos,,,,,,,,,,JavaScript,144,2023-11-18 00:00:00,1200000,Tengo experiencia en...,142,Científico de datos,2023-11-16 00:00:00,5,Analista de Datos,Hibrido,Las Condes,JavaScript
3,Alvaro,Orrego,Muñoz,31271572,alv.orrego@duocuc.cl,Independencia,Duoc UC,Instituto,Superior completa,Ing. en Informática,Adaptabilidad,Español,Reconocimiento en competencia de conocimientos,,,,,,,,,,python,25,2023-11-12 00:00:00,1500000,asdadad13123adasdasd,438,Ing. Informático,2023-11-10 00:00:00,2,Ingeniero Informático,Hibrido,Santiago,sql
3,Alvaro,Orrego,Muñoz,31271572,alv.orrego@duocuc.cl,Independencia,Duoc UC,Instituto,Superior completa,Ing. en Informática,Adaptabilidad,Español,Reconocimiento en competencia de conocimientos,,,,,,,,,,sql,25,2023-11-12 00:00:00,1500000,asdadad13123adasdasd,438,Ing. Informático,2023-11-10 00:00:00,2,Ingeniero Informático,Hibrido,Santiago,sql
3,Alvaro,Orrego,Muñoz,31271572,alv.orrego@duocuc.cl,Independencia,Duoc UC,Instituto,Superior completa,Ing. en Informática,Adaptabilidad,Español,Reconocimiento en competencia de conocimientos,,,,,,,,,,JavaScript,25,2023-11-12 00:00:00,1500000,asdadad13123adasdasd,438,Ing. Informático,2023-11-10 00:00:00,2,Ingeniero Informático,Hibrido,Santiago,sql
3,Alvaro,Orrego,Muñoz,31271572,alv.orrego@duocuc.cl,Independencia,Duoc UC,Instituto,Superior completa,Ing. en Informática,Adaptabilidad,Español,Reconocimiento en competencia de conocimientos,,,,,,,,,,python,25,2023-11-12 00:00:00,1500000,asdadad13123adasdasd,438,Ing. Informático,2023-11-10 00:00:00,2,Ingeniero Informático,Hibrido,Santiago,python
3,Alvaro,Orrego,Muñoz,31271572,alv.orrego@duocuc.cl,Independencia,Duoc UC,Instituto,Superior completa,Ing. en Informática,Adaptabilidad,Español,Reconocimiento en competencia de conocimientos,,,,,,,,,,sql,25,2023-11-12 00:00:00,1500000,asdadad13123adasdasd,438,Ing. Informático,2023-11-10 00:00:00,2,Ingeniero Informático,Hibrido,Santiago,python
3,Alvaro,Orrego,Muñoz,31271572,alv.orrego@duocuc.cl,Independencia,Duoc UC,Instituto,Superior completa,Ing. en Informática,Adaptabilidad,Español,Reconocimiento en competencia de conocimientos,,,,,,,,,,JavaScript,25,2023-11-12 00:00:00,1500000,asdadad13123adasdasd,438,Ing. Informático,2023-11-10 00:00:00,2,Ingeniero Informático,Hibrido,Santiago,python
3,Alvaro,Orrego,Muñoz,31271572,alv.orrego@duocuc.cl,Independencia,Duoc UC,Instituto,Superior completa,Ing. en Informática,Adaptabilidad,Francés,Reconocimiento en competencia de conocimientos,,,,,,,,,,python,144,2023-11-18 00:00:00,1200000,Tengo experiencia en...,142,Científico de datos,2023-11-16 00:00:00,5,Analista de Datos,Hibrido,Las Condes,sql
3,Alvaro,Orrego,Muñoz,31271572,alv.orrego@duocuc.cl,Independencia,Duoc UC,Instituto,Superior completa,Ing. en Informática,Adaptabilidad,Francés,Reconocimiento en competencia de conocimientos,,,,,,,,,,sql,144,2023-11-18 00:00:00,1200000,Tengo experiencia en...,142,Científico de datos,2023-11-16 00:00:00,5,Analista de Datos,Hibrido,Las Condes,sql
3,Alvaro,Orrego,Muñoz,31271572,alv.orrego@duocuc.cl,Independencia,Duoc UC,Instituto,Superior completa,Ing. en Informática,Adaptabilidad,Francés,Reconocimiento en competencia de conocimientos,,,,,,,,,,JavaScript,144,2023-11-18 00:00:00,1200000,Tengo experiencia en...,142,Científico de datos,2023-11-16 00:00:00,5,Analista de Datos,Hibrido,Las Condes,sql
3,Alvaro,Orrego,Muñoz,31271572,alv.orrego@duocuc.cl,Independencia,Duoc UC,Instituto,Superior completa,Ing. en Informática,Adaptabilidad,Francés,Reconocimiento en competencia de conocimientos,,,,,,,,,,python,144,2023-11-18 00:00:00,1200000,Tengo experiencia en...,142,Científico de datos,2023-11-16 00:00:00,5,Analista de Datos,Hibrido,Las Condes,R
3,Alvaro,Orrego,Muñoz,31271572,alv.orrego@duocuc.cl,Independencia,Duoc UC,Instituto,Superior completa,Ing. en Informática,Adaptabilidad,Francés,Reconocimiento en competencia de conocimientos,,,,,,,,,,sql,144,2023-11-18 00:00:00,1200000,Tengo experiencia en...,142,Científico de datos,2023-11-16 00:00:00,5,Analista de Datos,Hibrido,Las Condes,R
3,Alvaro,Orrego,Muñoz,31271572,alv.orrego@duocuc.cl,Independencia,Duoc UC,Instituto,Superior completa,Ing. en Informática,Adaptabilidad,Francés,Reconocimiento en competencia de conocimientos,,,,,,,,,,JavaScript,144,2023-11-18 00:00:00,1200000,Tengo experiencia en...,142,Científico de datos,2023-11-16 00:00:00,5,Analista de Datos,Hibrido,Las Condes,R
3,Alvaro,Orrego,Muñoz,31271572,alv.orrego@duocuc.cl,Independencia,Duoc UC,Instituto,Superior completa,Ing. en Informática,Adaptabilidad,Francés,Reconocimiento en competencia de conocimientos,,,,,,,,,,python,144,2023-11-18 00:00:00,1200000,Tengo experiencia en...,142,Científico de datos,2023-11-16 00:00:00,5,Analista de Datos,Hibrido,Las Condes,JavaScript
3,Alvaro,Orrego,Muñoz,31271572,alv.orrego@duocuc.cl,Independencia,Duoc UC,Instituto,Superior completa,Ing. en Informática,Adaptabilidad,Francés,Reconocimiento en competencia de conocimientos,,,,,,,,,,sql,144,2023-11-18 00:00:00,1200000,Tengo experiencia en...,142,Científico de datos,2023-11-16 00:00:00,5,Analista de Datos,Hibrido,Las Condes,JavaScript
3,Alvaro,Orrego,Muñoz,31271572,alv.orrego@duocuc.cl,Independencia,Duoc UC,Instituto,Superior completa,Ing. en Informática,Adaptabilidad,Francés,Reconocimiento en competencia de conocimientos,,,,,,,,,,JavaScript,144,2023-11-18 00:00:00,1200000,Tengo experiencia en...,142,Científico de datos,2023-11-16 00:00:00,5,Analista de Datos,Hibrido,Las Condes,JavaScript
3,Alvaro,Orrego,Muñoz,31271572,alv.orrego@duocuc.cl,Independencia,Duoc UC,Instituto,Superior completa,Ing. en Informática,Adaptabilidad,Francés,Reconocimiento en competencia de conocimientos,,,,,,,,,,python,25,2023-11-12 00:00:00,1500000,asdadad13123adasdasd,438,Ing. Informático,2023-11-10 00:00:00,2,Ingeniero Informático,Hibrido,Santiago,sql
3,Alvaro,Orrego,Muñoz,31271572,alv.orrego@duocuc.cl,Independencia,Duoc UC,Instituto,Superior completa,Ing. en Informática,Adaptabilidad,Francés,Reconocimiento en competencia de conocimientos,,,,,,,,,,sql,25,2023-11-12 00:00:00,1500000,asdadad13123adasdasd,438,Ing. Informático,2023-11-10 00:00:00,2,Ingeniero Informático,Hibrido,Santiago,sql
3,Alvaro,Orrego,Muñoz,31271572,alv.orrego@duocuc.cl,Independencia,Duoc UC,Instituto,Superior completa,Ing. en Informática,Adaptabilidad,Francés,Reconocimiento en competencia de conocimientos,,,,,,,,,,JavaScript,25,2023-11-12 00:00:00,1500000,asdadad13123adasdasd,438,Ing. Informático,2023-11-10 00:00:00,2,Ingeniero Informático,Hibrido,Santiago,sql
3,Alvaro,Orrego,Muñoz,31271572,alv.orrego@duocuc.cl,Independencia,Duoc UC,Instituto,Superior completa,Ing. en Informática,Adaptabilidad,Francés,Reconocimiento en competencia de conocimientos,,,,,,,,,,python,25,2023-11-12 00:00:00,1500000,asdadad13123adasdasd,438,Ing. Informático,2023-11-10 00:00:00,2,Ingeniero Informático,Hibrido,Santiago,python
3,Alvaro,Orrego,Muñoz,31271572,alv.orrego@duocuc.cl,Independencia,Duoc UC,Instituto,Superior completa,Ing. en Informática,Adaptabilidad,Francés,Reconocimiento en competencia de conocimientos,,,,,,,,,,sql,25,2023-11-12 00:00:00,1500000,asdadad13123adasdasd,438,Ing. Informático,2023-11-10 00:00:00,2,Ingeniero Informático,Hibrido,Santiago,python
3,Alvaro,Orrego,Muñoz,31271572,alv.orrego@duocuc.cl,Independencia,Duoc UC,Instituto,Superior completa,Ing. en Informática,Adaptabilidad,Francés,Reconocimiento en competencia de conocimientos,,,,,,,,,,JavaScript,25,2023-11-12 00:00:00,1500000,asdadad13123adasdasd,438,Ing. Informático,2023-11-10 00:00:00,2,Ingeniero Informático,Hibrido,Santiago,python
3,Alvaro,Orrego,Muñoz,31271572,alv.orrego@duocuc.cl,Independencia,Duoc UC,Instituto,Superior completa,Ing. en Informática,Trabajo en equipo,Inglés,Reconocimiento en competencia de conocimientos,,,,,,,,,,python,144,2023-11-18 00:00:00,1200000,Tengo experiencia en...,142,Científico de datos,2023-11-16 00:00:00,5,Analista de Datos,Hibrido,Las Condes,sql
3,Alvaro,Orrego,Muñoz,31271572,alv.orrego@duocuc.cl,Independencia,Duoc UC,Instituto,Superior completa,Ing. en Informática,Trabajo en equipo,Inglés,Reconocimiento en competencia de conocimientos,,,,,,,,,,sql,144,2023-11-18 00:00:00,1200000,Tengo experiencia en...,142,Científico de datos,2023-11-16 00:00:00,5,Analista de Datos,Hibrido,Las Condes,sql
3,Alvaro,Orrego,Muñoz,31271572,alv.orrego@duocuc.cl,Independencia,Duoc UC,Instituto,Superior completa,Ing. en Informática,Trabajo en equipo,Inglés,Reconocimiento en competencia de conocimientos,,,,,,,,,,JavaScript,144,2023-11-18 00:00:00,1200000,Tengo experiencia en...,142,Científico de datos,2023-11-16 00:00:00,5,Analista de Datos,Hibrido,Las Condes,sql
3,Alvaro,Orrego,Muñoz,31271572,alv.orrego@duocuc.cl,Independencia,Duoc UC,Instituto,Superior completa,Ing. en Informática,Trabajo en equipo,Inglés,Reconocimiento en competencia de conocimientos,,,,,,,,,,python,144,2023-11-18 00:00:00,1200000,Tengo experiencia en...,142,Científico de datos,2023-11-16 00:00:00,5,Analista de Datos,Hibrido,Las Condes,R
3,Alvaro,Orrego,Muñoz,31271572,alv.orrego@duocuc.cl,Independencia,Duoc UC,Instituto,Superior completa,Ing. en Informática,Trabajo en equipo,Inglés,Reconocimiento en competencia de conocimientos,,,,,,,,,,sql,144,2023-11-18 00:00:00,1200000,Tengo experiencia en...,142,Científico de datos,2023-11-16 00:00:00,5,Analista de Datos,Hibrido,Las Condes,R
3,Alvaro,Orrego,Muñoz,31271572,alv.orrego@duocuc.cl,Independencia,Duoc UC,Instituto,Superior completa,Ing. en Informática,Trabajo en equipo,Inglés,Reconocimiento en competencia de conocimientos,,,,,,,,,,JavaScript,144,2023-11-18 00:00:00,1200000,Tengo experiencia en...,142,Científico de datos,2023-11-16 00:00:00,5,Analista de Datos,Hibrido,Las Condes,R
3,Alvaro,Orrego,Muñoz,31271572,alv.orrego@duocuc.cl,Independencia,Duoc UC,Instituto,Superior completa,Ing. en Informática,Trabajo en equipo,Inglés,Reconocimiento en competencia de conocimientos,,,,,,,,,,python,144,2023-11-18 00:00:00,1200000,Tengo experiencia en...,142,Científico de datos,2023-11-16 00:00:00,5,Analista de Datos,Hibrido,Las Condes,JavaScript
3,Alvaro,Orrego,Muñoz,31271572,alv.orrego@duocuc.cl,Independencia,Duoc UC,Instituto,Superior completa,Ing. en Informática,Trabajo en equipo,Inglés,Reconocimiento en competencia de conocimientos,,,,,,,,,,sql,144,2023-11-18 00:00:00,1200000,Tengo experiencia en...,142,Científico de datos,2023-11-16 00:00:00,5,Analista de Datos,Hibrido,Las Condes,JavaScript
3,Alvaro,Orrego,Muñoz,31271572,alv.orrego@duocuc.cl,Independencia,Duoc UC,Instituto,Superior completa,Ing. en Informática,Trabajo en equipo,Inglés,Reconocimiento en competencia de conocimientos,,,,,,,,,,JavaScript,144,2023-11-18 00:00:00,1200000,Tengo experiencia en...,142,Científico de datos,2023-11-16 00:00:00,5,Analista de Datos,Hibrido,Las Condes,JavaScript
3,Alvaro,Orrego,Muñoz,31271572,alv.orrego@duocuc.cl,Independencia,Duoc UC,Instituto,Superior completa,Ing. en Informática,Trabajo en equipo,Inglés,Reconocimiento en competencia de conocimientos,,,,,,,,,,python,25,2023-11-12 00:00:00,1500000,asdadad13123adasdasd,438,Ing. Informático,2023-11-10 00:00:00,2,Ingeniero Informático,Hibrido,Santiago,sql
3,Alvaro,Orrego,Muñoz,31271572,alv.orrego@duocuc.cl,Independencia,Duoc UC,Instituto,Superior completa,Ing. en Informática,Trabajo en equipo,Inglés,Reconocimiento en competencia de conocimientos,,,,,,,,,,sql,25,2023-11-12 00:00:00,1500000,asdadad13123adasdasd,438,Ing. Informático,2023-11-10 00:00:00,2,Ingeniero Informático,Hibrido,Santiago,sql
3,Alvaro,Orrego,Muñoz,31271572,alv.orrego@duocuc.cl,Independencia,Duoc UC,Instituto,Superior completa,Ing. en Informática,Trabajo en equipo,Inglés,Reconocimiento en competencia de conocimientos,,,,,,,,,,JavaScript,25,2023-11-12 00:00:00,1500000,asdadad13123adasdasd,438,Ing. Informático,2023-11-10 00:00:00,2,Ingeniero Informático,Hibrido,Santiago,sql
3,Alvaro,Orrego,Muñoz,31271572,alv.orrego@duocuc.cl,Independencia,Duoc UC,Instituto,Superior completa,Ing. en Informática,Trabajo en equipo,Inglés,Reconocimiento en competencia de conocimientos,,,,,,,,,,python,25,2023-11-12 00:00:00,1500000,asdadad13123adasdasd,438,Ing. Informático,2023-11-10 00:00:00,2,Ingeniero Informático,Hibrido,Santiago,python
3,Alvaro,Orrego,Muñoz,31271572,alv.orrego@duocuc.cl,Independencia,Duoc UC,Instituto,Superior completa,Ing. en Informática,Trabajo en equipo,Inglés,Reconocimiento en competencia de conocimientos,,,,,,,,,,sql,25,2023-11-12 00:00:00,1500000,asdadad13123adasdasd,438,Ing. Informático,2023-11-10 00:00:00,2,Ingeniero Informático,Hibrido,Santiago,python
3,Alvaro,Orrego,Muñoz,31271572,alv.orrego@duocuc.cl,Independencia,Duoc UC,Instituto,Superior completa,Ing. en Informática,Trabajo en equipo,Inglés,Reconocimiento en competencia de conocimientos,,,,,,,,,,JavaScript,25,2023-11-12 00:00:00,1500000,asdadad13123adasdasd,438,Ing. Informático,2023-11-10 00:00:00,2,Ingeniero Informático,Hibrido,Santiago,python
3,Alvaro,Orrego,Muñoz,31271572,alv.orrego@duocuc.cl,Independencia,Duoc UC,Instituto,Superior completa,Ing. en Informática,Trabajo en equipo,Español,Reconocimiento en competencia de conocimientos,,,,,,,,,,python,144,2023-11-18 00:00:00,1200000,Tengo experiencia en...,142,Científico de datos,2023-11-16 00:00:00,5,Analista de Datos,Hibrido,Las Condes,sql
3,Alvaro,Orrego,Muñoz,31271572,alv.orrego@duocuc.cl,Independencia,Duoc UC,Instituto,Superior completa,Ing. en Informática,Trabajo en equipo,Español,Reconocimiento en competencia de conocimientos,,,,,,,,,,sql,144,2023-11-18 00:00:00,1200000,Tengo experiencia en...,142,Científico de datos,2023-11-16 00:00:00,5,Analista de Datos,Hibrido,Las Condes,sql
3,Alvaro,Orrego,Muñoz,31271572,alv.orrego@duocuc.cl,Independencia,Duoc UC,Instituto,Superior completa,Ing. en Informática,Trabajo en equipo,Español,Reconocimiento en competencia de conocimientos,,,,,,,,,,JavaScript,144,2023-11-18 00:00:00,1200000,Tengo experiencia en...,142,Científico de datos,2023-11-16 00:00:00,5,Analista de Datos,Hibrido,Las Condes,sql
3,Alvaro,Orrego,Muñoz,31271572,alv.orrego@duocuc.cl,Independencia,Duoc UC,Instituto,Superior completa,Ing. en Informática,Trabajo en equipo,Español,Reconocimiento en competencia de conocimientos,,,,,,,,,,python,144,2023-11-18 00:00:00,1200000,Tengo experiencia en...,142,Científico de datos,2023-11-16 00:00:00,5,Analista de Datos,Hibrido,Las Condes,R
3,Alvaro,Orrego,Muñoz,31271572,alv.orrego@duocuc.cl,Independencia,Duoc UC,Instituto,Superior completa,Ing. en Informática,Trabajo en equipo,Español,Reconocimiento en competencia de conocimientos,,,,,,,,,,sql,144,2023-11-18 00:00:00,1200000,Tengo experiencia en...,142,Científico de datos,2023-11-16 00:00:00,5,Analista de Datos,Hibrido,Las Condes,R
3,Alvaro,Orrego,Muñoz,31271572,alv.orrego@duocuc.cl,Independencia,Duoc UC,Instituto,Superior completa,Ing. en Informática,Trabajo en equipo,Español,Reconocimiento en competencia de conocimientos,,,,,,,,,,JavaScript,144,2023-11-18 00:00:00,1200000,Tengo experiencia en...,142,Científico de datos,2023-11-16 00:00:00,5,Analista de Datos,Hibrido,Las Condes,R
3,Alvaro,Orrego,Muñoz,31271572,alv.orrego@duocuc.cl,Independencia,Duoc UC,Instituto,Superior completa,Ing. en Informática,Trabajo en equipo,Español,Reconocimiento en competencia de conocimientos,,,,,,,,,,python,144,2023-11-18 00:00:00,1200000,Tengo experiencia en...,142,Científico de datos,2023-11-16 00:00:00,5,Analista de Datos,Hibrido,Las Condes,JavaScript
3,Alvaro,Orrego,Muñoz,31271572,alv.orrego@duocuc.cl,Independencia,Duoc UC,Instituto,Superior completa,Ing. en Informática,Trabajo en equipo,Español,Reconocimiento en competencia de conocimientos,,,,,,,,,,sql,144,2023-11-18 00:00:00,1200000,Tengo experiencia en...,142,Científico de datos,2023-11-16 00:00:00,5,Analista de Datos,Hibrido,Las Condes,JavaScript
3,Alvaro,Orrego,Muñoz,31271572,alv.orrego@duocuc.cl,Independencia,Duoc UC,Instituto,Superior completa,Ing. en Informática,Trabajo en equipo,Español,Reconocimiento en competencia de conocimientos,,,,,,,,,,JavaScript,144,2023-11-18 00:00:00,1200000,Tengo experiencia en...,142,Científico de datos,2023-11-16 00:00:00,5,Analista de Datos,Hibrido,Las Condes,JavaScript
3,Alvaro,Orrego,Muñoz,31271572,alv.orrego@duocuc.cl,Independencia,Duoc UC,Instituto,Superior completa,Ing. en Informática,Trabajo en equipo,Español,Reconocimiento en competencia de conocimientos,,,,,,,,,,python,25,2023-11-12 00:00:00,1500000,asdadad13123adasdasd,438,Ing. Informático,2023-11-10 00:00:00,2,Ingeniero Informático,Hibrido,Santiago,sql
3,Alvaro,Orrego,Muñoz,31271572,alv.orrego@duocuc.cl,Independencia,Duoc UC,Instituto,Superior completa,Ing. en Informática,Trabajo en equipo,Español,Reconocimiento en competencia de conocimientos,,,,,,,,,,sql,25,2023-11-12 00:00:00,1500000,asdadad13123adasdasd,438,Ing. Informático,2023-11-10 00:00:00,2,Ingeniero Informático,Hibrido,Santiago,sql
3,Alvaro,Orrego,Muñoz,31271572,alv.orrego@duocuc.cl,Independencia,Duoc UC,Instituto,Superior completa,Ing. en Informática,Trabajo en equipo,Español,Reconocimiento en competencia de conocimientos,,,,,,,,,,JavaScript,25,2023-11-12 00:00:00,1500000,asdadad13123adasdasd,438,Ing. Informático,2023-11-10 00:00:00,2,Ingeniero Informático,Hibrido,Santiago,sql
3,Alvaro,Orrego,Muñoz,31271572,alv.orrego@duocuc.cl,Independencia,Duoc UC,Instituto,Superior completa,Ing. en Informática,Trabajo en equipo,Español,Reconocimiento en competencia de conocimientos,,,,,,,,,,python,25,2023-11-12 00:00:00,1500000,asdadad13123adasdasd,438,Ing. Informático,2023-11-10 00:00:00,2,Ingeniero Informático,Hibrido,Santiago,python
3,Alvaro,Orrego,Muñoz,31271572,alv.orrego@duocuc.cl,Independencia,Duoc UC,Instituto,Superior completa,Ing. en Informática,Trabajo en equipo,Español,Reconocimiento en competencia de conocimientos,,,,,,,,,,sql,25,2023-11-12 00:00:00,1500000,asdadad13123adasdasd,438,Ing. Informático,2023-11-10 00:00:00,2,Ingeniero Informático,Hibrido,Santiago,python
3,Alvaro,Orrego,Muñoz,31271572,alv.orrego@duocuc.cl,Independencia,Duoc UC,Instituto,Superior completa,Ing. en Informática,Trabajo en equipo,Español,Reconocimiento en competencia de conocimientos,,,,,,,,,,JavaScript,25,2023-11-12 00:00:00,1500000,asdadad13123adasdasd,438,Ing. Informático,2023-11-10 00:00:00,2,Ingeniero Informático,Hibrido,Santiago,python
3,Alvaro,Orrego,Muñoz,31271572,alv.orrego@duocuc.cl,Independencia,Duoc UC,Instituto,Superior completa,Ing. en Informática,Trabajo en equipo,Francés,Reconocimiento en competencia de conocimientos,,,,,,,,,,python,144,2023-11-18 00:00:00,1200000,Tengo experiencia en...,142,Científico de datos,2023-11-16 00:00:00,5,Analista de Datos,Hibrido,Las Condes,sql
3,Alvaro,Orrego,Muñoz,31271572,alv.orrego@duocuc.cl,Independencia,Duoc UC,Instituto,Superior completa,Ing. en Informática,Trabajo en equipo,Francés,Reconocimiento en competencia de conocimientos,,,,,,,,,,sql,144,2023-11-18 00:00:00,1200000,Tengo experiencia en...,142,Científico de datos,2023-11-16 00:00:00,5,Analista de Datos,Hibrido,Las Condes,sql
3,Alvaro,Orrego,Muñoz,31271572,alv.orrego@duocuc.cl,Independencia,Duoc UC,Instituto,Superior completa,Ing. en Informática,Trabajo en equipo,Francés,Reconocimiento en competencia de conocimientos,,,,,,,,,,JavaScript,144,2023-11-18 00:00:00,1200000,Tengo experiencia en...,142,Científico de datos,2023-11-16 00:00:00,5,Analista de Datos,Hibrido,Las Condes,sql
3,Alvaro,Orrego,Muñoz,31271572,alv.orrego@duocuc.cl,Independencia,Duoc UC,Instituto,Superior completa,Ing. en Informática,Trabajo en equipo,Francés,Reconocimiento en competencia de conocimientos,,,,,,,,,,python,144,2023-11-18 00:00:00,1200000,Tengo experiencia en...,142,Científico de datos,2023-11-16 00:00:00,5,Analista de Datos,Hibrido,Las Condes,R
3,Alvaro,Orrego,Muñoz,31271572,alv.orrego@duocuc.cl,Independencia,Duoc UC,Instituto,Superior completa,Ing. en Informática,Trabajo en equipo,Francés,Reconocimiento en competencia de conocimientos,,,,,,,,,,sql,144,2023-11-18 00:00:00,1200000,Tengo experiencia en...,142,Científico de datos,2023-11-16 00:00:00,5,Analista de Datos,Hibrido,Las Condes,R
3,Alvaro,Orrego,Muñoz,31271572,alv.orrego@duocuc.cl,Independencia,Duoc UC,Instituto,Superior completa,Ing. en Informática,Trabajo en equipo,Francés,Reconocimiento en competencia de conocimientos,,,,,,,,,,JavaScript,144,2023-11-18 00:00:00,1200000,Tengo experiencia en...,142,Científico de datos,2023-11-16 00:00:00,5,Analista de Datos,Hibrido,Las Condes,R
3,Alvaro,Orrego,Muñoz,31271572,alv.orrego@duocuc.cl,Independencia,Duoc UC,Instituto,Superior completa,Ing. en Informática,Trabajo en equipo,Francés,Reconocimiento en competencia de conocimientos,,,,,,,,,,python,144,2023-11-18 00:00:00,1200000,Tengo experiencia en...,142,Científico de datos,2023-11-16 00:00:00,5,Analista de Datos,Hibrido,Las Condes,JavaScript
3,Alvaro,Orrego,Muñoz,31271572,alv.orrego@duocuc.cl,Independencia,Duoc UC,Instituto,Superior completa,Ing. en Informática,Trabajo en equipo,Francés,Reconocimiento en competencia de conocimientos,,,,,,,,,,sql,144,2023-11-18 00:00:00,1200000,Tengo experiencia en...,142,Científico de datos,2023-11-16 00:00:00,5,Analista de Datos,Hibrido,Las Condes,JavaScript
3,Alvaro,Orrego,Muñoz,31271572,alv.orrego@duocuc.cl,Independencia,Duoc UC,Instituto,Superior completa,Ing. en Informática,Trabajo en equipo,Francés,Reconocimiento en competencia de conocimientos,,,,,,,,,,JavaScript,144,2023-11-18 00:00:00,1200000,Tengo experiencia en...,142,Científico de datos,2023-11-16 00:00:00,5,Analista de Datos,Hibrido,Las Condes,JavaScript
3,Alvaro,Orrego,Muñoz,31271572,alv.orrego@duocuc.cl,Independencia,Duoc UC,Instituto,Superior completa,Ing. en Informática,Trabajo en equipo,Francés,Reconocimiento en competencia de conocimientos,,,,,,,,,,python,25,2023-11-12 00:00:00,1500000,asdadad13123adasdasd,438,Ing. Informático,2023-11-10 00:00:00,2,Ingeniero Informático,Hibrido,Santiago,sql
3,Alvaro,Orrego,Muñoz,31271572,alv.orrego@duocuc.cl,Independencia,Duoc UC,Instituto,Superior completa,Ing. en Informática,Trabajo en equipo,Francés,Reconocimiento en competencia de conocimientos,,,,,,,,,,sql,25,2023-11-12 00:00:00,1500000,asdadad13123adasdasd,438,Ing. Informático,2023-11-10 00:00:00,2,Ingeniero Informático,Hibrido,Santiago,sql
3,Alvaro,Orrego,Muñoz,31271572,alv.orrego@duocuc.cl,Independencia,Duoc UC,Instituto,Superior completa,Ing. en Informática,Trabajo en equipo,Francés,Reconocimiento en competencia de conocimientos,,,,,,,,,,JavaScript,25,2023-11-12 00:00:00,1500000,asdadad13123adasdasd,438,Ing. Informático,2023-11-10 00:00:00,2,Ingeniero Informático,Hibrido,Santiago,sql
3,Alvaro,Orrego,Muñoz,31271572,alv.orrego@duocuc.cl,Independencia,Duoc UC,Instituto,Superior completa,Ing. en Informática,Trabajo en equipo,Francés,Reconocimiento en competencia de conocimientos,,,,,,,,,,python,25,2023-11-12 00:00:00,1500000,asdadad13123adasdasd,438,Ing. Informático,2023-11-10 00:00:00,2,Ingeniero Informático,Hibrido,Santiago,python
3,Alvaro,Orrego,Muñoz,31271572,alv.orrego@duocuc.cl,Independencia,Duoc UC,Instituto,Superior completa,Ing. en Informática,Trabajo en equipo,Francés,Reconocimiento en competencia de conocimientos,,,,,,,,,,sql,25,2023-11-12 00:00:00,1500000,asdadad13123adasdasd,438,Ing. Informático,2023-11-10 00:00:00,2,Ingeniero Informático,Hibrido,Santiago,python
3,Alvaro,Orrego,Muñoz,31271572,alv.orrego@duocuc.cl,Independencia,Duoc UC,Instituto,Superior completa,Ing. en Informática,Trabajo en equipo,Francés,Reconocimiento en competencia de conocimientos,,,,,,,,,,JavaScript,25,2023-11-12 00:00:00,1500000,asdadad13123adasdasd,438,Ing. Informático,2023-11-10 00:00:00,2,Ingeniero Informático,Hibrido,Santiago,python
22,Mono,Klein,Jere,932716723,mono.klein@duocuc.cl,Conchalí,Universidad de Chile,Universidad,Superior completa,Ing. en Informática,Resolución de problemas,Inglés,Reconocimiento académico ,322,Jefe de proyectos,2019-12-01 00:00:00,2023-10-29 00:00:00,,Las Condes,Jornada completa,Analista de Datos,Presencial,SqlOracle,19,2023-11-12 00:00:00,1200000,,438,Ing. Informático,2023-11-10 00:00:00,2,Ingeniero Informático,Hibrido,Santiago,sql
22,Mono,Klein,Jere,932716723,mono.klein@duocuc.cl,Conchalí,Universidad de Chile,Universidad,Superior completa,Ing. en Informática,Resolución de problemas,Inglés,Reconocimiento académico ,322,Jefe de proyectos,2019-12-01 00:00:00,2023-10-29 00:00:00,,Las Condes,Jornada completa,Analista de Datos,Presencial,sql,19,2023-11-12 00:00:00,1200000,,438,Ing. Informático,2023-11-10 00:00:00,2,Ingeniero Informático,Hibrido,Santiago,sql
22,Mono,Klein,Jere,932716723,mono.klein@duocuc.cl,Conchalí,Universidad de Chile,Universidad,Superior completa,Ing. en Informática,Resolución de problemas,Inglés,Reconocimiento académico ,322,Jefe de proyectos,2019-12-01 00:00:00,2023-10-29 00:00:00,,Las Condes,Jornada completa,Analista de Datos,Presencial,Java,19,2023-11-12 00:00:00,1200000,,438,Ing. Informático,2023-11-10 00:00:00,2,Ingeniero Informático,Hibrido,Santiago,sql
22,Mono,Klein,Jere,932716723,mono.klein@duocuc.cl,Conchalí,Universidad de Chile,Universidad,Superior completa,Ing. en Informática,Resolución de problemas,Inglés,Reconocimiento académico ,322,Jefe de proyectos,2019-12-01 00:00:00,2023-10-29 00:00:00,,Las Condes,Jornada completa,Analista de Datos,Presencial,SqlOracle,19,2023-11-12 00:00:00,1200000,,438,Ing. Informático,2023-11-10 00:00:00,2,Ingeniero Informático,Hibrido,Santiago,python
22,Mono,Klein,Jere,932716723,mono.klein@duocuc.cl,Conchalí,Universidad de Chile,Universidad,Superior completa,Ing. en Informática,Resolución de problemas,Inglés,Reconocimiento académico ,322,Jefe de proyectos,2019-12-01 00:00:00,2023-10-29 00:00:00,,Las Condes,Jornada completa,Analista de Datos,Presencial,sql,19,2023-11-12 00:00:00,1200000,,438,Ing. Informático,2023-11-10 00:00:00,2,Ingeniero Informático,Hibrido,Santiago,python
22,Mono,Klein,Jere,932716723,mono.klein@duocuc.cl,Conchalí,Universidad de Chile,Universidad,Superior completa,Ing. en Informática,Resolución de problemas,Inglés,Reconocimiento académico ,322,Jefe de proyectos,2019-12-01 00:00:00,2023-10-29 00:00:00,,Las Condes,Jornada completa,Analista de Datos,Presencial,Java,19,2023-11-12 00:00:00,1200000,,438,Ing. Informático,2023-11-10 00:00:00,2,Ingeniero Informático,Hibrido,Santiago,python
22,Mono,Klein,Jere,932716723,mono.klein@duocuc.cl,Conchalí,Universidad de Chile,Universidad,Superior completa,Ing. en Informática,Resolución de problemas,Coreano,Reconocimiento académico ,322,Jefe de proyectos,2019-12-01 00:00:00,2023-10-29 00:00:00,,Las Condes,Jornada completa,Analista de Datos,Presencial,SqlOracle,19,2023-11-12 00:00:00,1200000,,438,Ing. Informático,2023-11-10 00:00:00,2,Ingeniero Informático,Hibrido,Santiago,sql
22,Mono,Klein,Jere,932716723,mono.klein@duocuc.cl,Conchalí,Universidad de Chile,Universidad,Superior completa,Ing. en Informática,Resolución de problemas,Coreano,Reconocimiento académico ,322,Jefe de proyectos,2019-12-01 00:00:00,2023-10-29 00:00:00,,Las Condes,Jornada completa,Analista de Datos,Presencial,sql,19,2023-11-12 00:00:00,1200000,,438,Ing. Informático,2023-11-10 00:00:00,2,Ingeniero Informático,Hibrido,Santiago,sql
22,Mono,Klein,Jere,932716723,mono.klein@duocuc.cl,Conchalí,Universidad de Chile,Universidad,Superior completa,Ing. en Informática,Resolución de problemas,Coreano,Reconocimiento académico ,322,Jefe de proyectos,2019-12-01 00:00:00,2023-10-29 00:00:00,,Las Condes,Jornada completa,Analista de Datos,Presencial,Java,19,2023-11-12 00:00:00,1200000,,438,Ing. Informático,2023-11-10 00:00:00,2,Ingeniero Informático,Hibrido,Santiago,sql
22,Mono,Klein,Jere,932716723,mono.klein@duocuc.cl,Conchalí,Universidad de Chile,Universidad,Superior completa,Ing. en Informática,Resolución de problemas,Coreano,Reconocimiento académico ,322,Jefe de proyectos,2019-12-01 00:00:00,2023-10-29 00:00:00,,Las Condes,Jornada completa,Analista de Datos,Presencial,SqlOracle,19,2023-11-12 00:00:00,1200000,,438,Ing. Informático,2023-11-10 00:00:00,2,Ingeniero Informático,Hibrido,Santiago,python
22,Mono,Klein,Jere,932716723,mono.klein@duocuc.cl,Conchalí,Universidad de Chile,Universidad,Superior completa,Ing. en Informática,Resolución de problemas,Coreano,Reconocimiento académico ,322,Jefe de proyectos,2019-12-01 00:00:00,2023-10-29 00:00:00,,Las Condes,Jornada completa,Analista de Datos,Presencial,sql,19,2023-11-12 00:00:00,1200000,,438,Ing. Informático,2023-11-10 00:00:00,2,Ingeniero Informático,Hibrido,Santiago,python
22,Mono,Klein,Jere,932716723,mono.klein@duocuc.cl,Conchalí,Universidad de Chile,Universidad,Superior completa,Ing. en Informática,Resolución de problemas,Coreano,Reconocimiento académico ,322,Jefe de proyectos,2019-12-01 00:00:00,2023-10-29 00:00:00,,Las Condes,Jornada completa,Analista de Datos,Presencial,Java,19,2023-11-12 00:00:00,1200000,,438,Ing. Informático,2023-11-10 00:00:00,2,Ingeniero Informático,Hibrido,Santiago,python
22,Mono,Klein,Jere,932716723,mono.klein@duocuc.cl,Conchalí,Universidad de Chile,Universidad,Superior completa,Ing. en Informática,Pensamiento crítico,Inglés,Reconocimiento académico ,322,Jefe de proyectos,2019-12-01 00:00:00,2023-10-29 00:00:00,,Las Condes,Jornada completa,Analista de Datos,Presencial,SqlOracle,19,2023-11-12 00:00:00,1200000,,438,Ing. Informático,2023-11-10 00:00:00,2,Ingeniero Informático,Hibrido,Santiago,sql
22,Mono,Klein,Jere,932716723,mono.klein@duocuc.cl,Conchalí,Universidad de Chile,Universidad,Superior completa,Ing. en Informática,Pensamiento crítico,Inglés,Reconocimiento académico ,322,Jefe de proyectos,2019-12-01 00:00:00,2023-10-29 00:00:00,,Las Condes,Jornada completa,Analista de Datos,Presencial,sql,19,2023-11-12 00:00:00,1200000,,438,Ing. Informático,2023-11-10 00:00:00,2,Ingeniero Informático,Hibrido,Santiago,sql
22,Mono,Klein,Jere,932716723,mono.klein@duocuc.cl,Conchalí,Universidad de Chile,Universidad,Superior completa,Ing. en Informática,Pensamiento crítico,Inglés,Reconocimiento académico ,322,Jefe de proyectos,2019-12-01 00:00:00,2023-10-29 00:00:00,,Las Condes,Jornada completa,Analista de Datos,Presencial,Java,19,2023-11-12 00:00:00,1200000,,438,Ing. Informático,2023-11-10 00:00:00,2,Ingeniero Informático,Hibrido,Santiago,sql
22,Mono,Klein,Jere,932716723,mono.klein@duocuc.cl,Conchalí,Universidad de Chile,Universidad,Superior completa,Ing. en Informática,Pensamiento crítico,Inglés,Reconocimiento académico ,322,Jefe de proyectos,2019-12-01 00:00:00,2023-10-29 00:00:00,,Las Condes,Jornada completa,Analista de Datos,Presencial,SqlOracle,19,2023-11-12 00:00:00,1200000,,438,Ing. Informático,2023-11-10 00:00:00,2,Ingeniero Informático,Hibrido,Santiago,python
22,Mono,Klein,Jere,932716723,mono.klein@duocuc.cl,Conchalí,Universidad de Chile,Universidad,Superior completa,Ing. en Informática,Pensamiento crítico,Inglés,Reconocimiento académico ,322,Jefe de proyectos,2019-12-01 00:00:00,2023-10-29 00:00:00,,Las Condes,Jornada completa,Analista de Datos,Presencial,sql,19,2023-11-12 00:00:00,1200000,,438,Ing. Informático,2023-11-10 00:00:00,2,Ingeniero Informático,Hibrido,Santiago,python
22,Mono,Klein,Jere,932716723,mono.klein@duocuc.cl,Conchalí,Universidad de Chile,Universidad,Superior completa,Ing. en Informática,Pensamiento crítico,Inglés,Reconocimiento académico ,322,Jefe de proyectos,2019-12-01 00:00:00,2023-10-29 00:00:00,,Las Condes,Jornada completa,Analista de Datos,Presencial,Java,19,2023-11-12 00:00:00,1200000,,438,Ing. Informático,2023-11-10 00:00:00,2,Ingeniero Informático,Hibrido,Santiago,python
22,Mono,Klein,Jere,932716723,mono.klein@duocuc.cl,Conchalí,Universidad de Chile,Universidad,Superior completa,Ing. en Informática,Pensamiento crítico,Coreano,Reconocimiento académico ,322,Jefe de proyectos,2019-12-01 00:00:00,2023-10-29 00:00:00,,Las Condes,Jornada completa,Analista de Datos,Presencial,SqlOracle,19,2023-11-12 00:00:00,1200000,,438,Ing. Informático,2023-11-10 00:00:00,2,Ingeniero Informático,Hibrido,Santiago,sql
22,Mono,Klein,Jere,932716723,mono.klein@duocuc.cl,Conchalí,Universidad de Chile,Universidad,Superior completa,Ing. en Informática,Pensamiento crítico,Coreano,Reconocimiento académico ,322,Jefe de proyectos,2019-12-01 00:00:00,2023-10-29 00:00:00,,Las Condes,Jornada completa,Analista de Datos,Presencial,sql,19,2023-11-12 00:00:00,1200000,,438,Ing. Informático,2023-11-10 00:00:00,2,Ingeniero Informático,Hibrido,Santiago,sql
22,Mono,Klein,Jere,932716723,mono.klein@duocuc.cl,Conchalí,Universidad de Chile,Universidad,Superior completa,Ing. en Informática,Pensamiento crítico,Coreano,Reconocimiento académico ,322,Jefe de proyectos,2019-12-01 00:00:00,2023-10-29 00:00:00,,Las Condes,Jornada completa,Analista de Datos,Presencial,Java,19,2023-11-12 00:00:00,1200000,,438,Ing. Informático,2023-11-10 00:00:00,2,Ingeniero Informático,Hibrido,Santiago,sql
22,Mono,Klein,Jere,932716723,mono.klein@duocuc.cl,Conchalí,Universidad de Chile,Universidad,Superior completa,Ing. en Informática,Pensamiento crítico,Coreano,Reconocimiento académico ,322,Jefe de proyectos,2019-12-01 00:00:00,2023-10-29 00:00:00,,Las Condes,Jornada completa,Analista de Datos,Presencial,SqlOracle,19,2023-11-12 00:00:00,1200000,,438,Ing. Informático,2023-11-10 00:00:00,2,Ingeniero Informático,Hibrido,Santiago,python
22,Mono,Klein,Jere,932716723,mono.klein@duocuc.cl,Conchalí,Universidad de Chile,Universidad,Superior completa,Ing. en Informática,Pensamiento crítico,Coreano,Reconocimiento académico ,322,Jefe de proyectos,2019-12-01 00:00:00,2023-10-29 00:00:00,,Las Condes,Jornada completa,Analista de Datos,Presencial,sql,19,2023-11-12 00:00:00,1200000,,438,Ing. Informático,2023-11-10 00:00:00,2,Ingeniero Informático,Hibrido,Santiago,python
22,Mono,Klein,Jere,932716723,mono.klein@duocuc.cl,Conchalí,Universidad de Chile,Universidad,Superior completa,Ing. en Informática,Pensamiento crítico,Coreano,Reconocimiento académico ,322,Jefe de proyectos,2019-12-01 00:00:00,2023-10-29 00:00:00,,Las Condes,Jornada completa,Analista de Datos,Presencial,Java,19,2023-11-12 00:00:00,1200000,,438,Ing. Informático,2023-11-10 00:00:00,2,Ingeniero Informático,Hibrido,Santiago,python
23,Pedro,Perez,Forlan,933415621,pedrop@duocuc.cl,Huechuraba,Inacap,Instituto,Superior completa,Ing. en Informática,Organización,Inglés,Reconocimiento en competancia deportiva,335,Analista QA,2021-01-09 00:00:00,2023-11-08 00:00:00,,Pudahuel,Jornada completa,Ingeniero Informático,Hibrido,sql,21,2023-11-12 00:00:00,1000000,,438,Ing. Informático,2023-11-10 00:00:00,2,Ingeniero Informático,Hibrido,Santiago,sql
23,Pedro,Perez,Forlan,933415621,pedrop@duocuc.cl,Huechuraba,Inacap,Instituto,Superior completa,Ing. en Informática,Organización,Inglés,Reconocimiento en competancia deportiva,335,Analista QA,2021-01-09 00:00:00,2023-11-08 00:00:00,,Pudahuel,Jornada completa,Ingeniero Informático,Hibrido,JavaScript,21,2023-11-12 00:00:00,1000000,,438,Ing. Informático,2023-11-10 00:00:00,2,Ingeniero Informático,Hibrido,Santiago,sql
23,Pedro,Perez,Forlan,933415621,pedrop@duocuc.cl,Huechuraba,Inacap,Instituto,Superior completa,Ing. en Informática,Organización,Inglés,Reconocimiento en competancia deportiva,335,Analista QA,2021-01-09 00:00:00,2023-11-08 00:00:00,,Pudahuel,Jornada completa,Ingeniero Informático,Hibrido,sql,21,2023-11-12 00:00:00,1000000,,438,Ing. Informático,2023-11-10 00:00:00,2,Ingeniero Informático,Hibrido,Santiago,python
23,Pedro,Perez,Forlan,933415621,pedrop@duocuc.cl,Huechuraba,Inacap,Instituto,Superior completa,Ing. en Informática,Organización,Inglés,Reconocimiento en competancia deportiva,335,Analista QA,2021-01-09 00:00:00,2023-11-08 00:00:00,,Pudahuel,Jornada completa,Ingeniero Informático,Hibrido,JavaScript,21,2023-11-12 00:00:00,1000000,,438,Ing. Informático,2023-11-10 00:00:00,2,Ingeniero Informático,Hibrido,Santiago,python
23,Pedro,Perez,Forlan,933415621,pedrop@duocuc.cl,Huechuraba,Inacap,Instituto,Superior completa,Ing. en Informática,Organización,Francés,Reconocimiento en competancia deportiva,335,Analista QA,2021-01-09 00:00:00,2023-11-08 00:00:00,,Pudahuel,Jornada completa,Ingeniero Informático,Hibrido,sql,21,2023-11-12 00:00:00,1000000,,438,Ing. Informático,2023-11-10 00:00:00,2,Ingeniero Informático,Hibrido,Santiago,sql
23,Pedro,Perez,Forlan,933415621,pedrop@duocuc.cl,Huechuraba,Inacap,Instituto,Superior completa,Ing. en Informática,Organización,Francés,Reconocimiento en competancia deportiva,335,Analista QA,2021-01-09 00:00:00,2023-11-08 00:00:00,,Pudahuel,Jornada completa,Ingeniero Informático,Hibrido,JavaScript,21,2023-11-12 00:00:00,1000000,,438,Ing. Informático,2023-11-10 00:00:00,2,Ingeniero Informático,Hibrido,Santiago,sql
23,Pedro,Perez,Forlan,933415621,pedrop@duocuc.cl,Huechuraba,Inacap,Instituto,Superior completa,Ing. en Informática,Organización,Francés,Reconocimiento en competancia deportiva,335,Analista QA,2021-01-09 00:00:00,2023-11-08 00:00:00,,Pudahuel,Jornada completa,Ingeniero Informático,Hibrido,sql,21,2023-11-12 00:00:00,1000000,,438,Ing. Informático,2023-11-10 00:00:00,2,Ingeniero Informático,Hibrido,Santiago,python
23,Pedro,Perez,Forlan,933415621,pedrop@duocuc.cl,Huechuraba,Inacap,Instituto,Superior completa,Ing. en Informática,Organización,Francés,Reconocimiento en competancia deportiva,335,Analista QA,2021-01-09 00:00:00,2023-11-08 00:00:00,,Pudahuel,Jornada completa,Ingeniero Informático,Hibrido,JavaScript,21,2023-11-12 00:00:00,1000000,,438,Ing. Informático,2023-11-10 00:00:00,2,Ingeniero Informático,Hibrido,Santiago,python
23,Pedro,Perez,Forlan,933415621,pedrop@duocuc.cl,Huechuraba,Inacap,Instituto,Superior completa,Ing. en Informática,Autoaprendizaje,Inglés,Reconocimiento en competancia deportiva,335,Analista QA,2021-01-09 00:00:00,2023-11-08 00:00:00,,Pudahuel,Jornada completa,Ingeniero Informático,Hibrido,sql,21,2023-11-12 00:00:00,1000000,,438,Ing. Informático,2023-11-10 00:00:00,2,Ingeniero Informático,Hibrido,Santiago,sql
23,Pedro,Perez,Forlan,933415621,pedrop@duocuc.cl,Huechuraba,Inacap,Instituto,Superior completa,Ing. en Informática,Autoaprendizaje,Inglés,Reconocimiento en competancia deportiva,335,Analista QA,2021-01-09 00:00:00,2023-11-08 00:00:00,,Pudahuel,Jornada completa,Ingeniero Informático,Hibrido,JavaScript,21,2023-11-12 00:00:00,1000000,,438,Ing. Informático,2023-11-10 00:00:00,2,Ingeniero Informático,Hibrido,Santiago,sql
23,Pedro,Perez,Forlan,933415621,pedrop@duocuc.cl,Huechuraba,Inacap,Instituto,Superior completa,Ing. en Informática,Autoaprendizaje,Inglés,Reconocimiento en competancia deportiva,335,Analista QA,2021-01-09 00:00:00,2023-11-08 00:00:00,,Pudahuel,Jornada completa,Ingeniero Informático,Hibrido,sql,21,2023-11-12 00:00:00,1000000,,438,Ing. Informático,2023-11-10 00:00:00,2,Ingeniero Informático,Hibrido,Santiago,python
23,Pedro,Perez,Forlan,933415621,pedrop@duocuc.cl,Huechuraba,Inacap,Instituto,Superior completa,Ing. en Informática,Autoaprendizaje,Inglés,Reconocimiento en competancia deportiva,335,Analista QA,2021-01-09 00:00:00,2023-11-08 00:00:00,,Pudahuel,Jornada completa,Ingeniero Informático,Hibrido,JavaScript,21,2023-11-12 00:00:00,1000000,,438,Ing. Informático,2023-11-10 00:00:00,2,Ingeniero Informático,Hibrido,Santiago,python
23,Pedro,Perez,Forlan,933415621,pedrop@duocuc.cl,Huechuraba,Inacap,Instituto,Superior completa,Ing. en Informática,Autoaprendizaje,Francés,Reconocimiento en competancia deportiva,335,Analista QA,2021-01-09 00:00:00,2023-11-08 00:00:00,,Pudahuel,Jornada completa,Ingeniero Informático,Hibrido,sql,21,2023-11-12 00:00:00,1000000,,438,Ing. Informático,2023-11-10 00:00:00,2,Ingeniero Informático,Hibrido,Santiago,sql
23,Pedro,Perez,Forlan,933415621,pedrop@duocuc.cl,Huechuraba,Inacap,Instituto,Superior completa,Ing. en Informática,Autoaprendizaje,Francés,Reconocimiento en competancia deportiva,335,Analista QA,2021-01-09 00:00:00,2023-11-08 00:00:00,,Pudahuel,Jornada completa,Ingeniero Informático,Hibrido,JavaScript,21,2023-11-12 00:00:00,1000000,,438,Ing. Informático,2023-11-10 00:00:00,2,Ingeniero Informático,Hibrido,Santiago,sql
23,Pedro,Perez,Forlan,933415621,pedrop@duocuc.cl,Huechuraba,Inacap,Instituto,Superior completa,Ing. en Informática,Autoaprendizaje,Francés,Reconocimiento en competancia deportiva,335,Analista QA,2021-01-09 00:00:00,2023-11-08 00:00:00,,Pudahuel,Jornada completa,Ingeniero Informático,Hibrido,sql,21,2023-11-12 00:00:00,1000000,,438,Ing. Informático,2023-11-10 00:00:00,2,Ingeniero Informático,Hibrido,Santiago,python
23,Pedro,Perez,Forlan,933415621,pedrop@duocuc.cl,Huechuraba,Inacap,Instituto,Superior completa,Ing. en Informática,Autoaprendizaje,Francés,Reconocimiento en competancia deportiva,335,Analista QA,2021-01-09 00:00:00,2023-11-08 00:00:00,,Pudahuel,Jornada completa,Ingeniero Informático,Hibrido,JavaScript,21,2023-11-12 00:00:00,1000000,,438,Ing. Informático,2023-11-10 00:00:00,2,Ingeniero Informático,Hibrido,Santiago,python
24,Rodrigo,Rodriguez,Riquelme,934611234,rodrigor@duocuc.cl,Santiago,Duoc UC,Instituto,Superior completa,Ing. en Telecomunicaciones,Liderazgo,Inglés,,344,DBA jr,2020-01-03 00:00:00,2023-10-28 00:00:00,,Santiago,Jornada completa,Ingeniero Informático,Hibrido,R,20,2023-11-12 00:00:00,1200000,,438,Ing. Informático,2023-11-10 00:00:00,2,Ingeniero Informático,Hibrido,Santiago,sql
24,Rodrigo,Rodriguez,Riquelme,934611234,rodrigor@duocuc.cl,Santiago,Duoc UC,Instituto,Superior completa,Ing. en Telecomunicaciones,Liderazgo,Inglés,,344,DBA jr,2020-01-03 00:00:00,2023-10-28 00:00:00,,Santiago,Jornada completa,Ingeniero Informático,Hibrido,python,20,2023-11-12 00:00:00,1200000,,438,Ing. Informático,2023-11-10 00:00:00,2,Ingeniero Informático,Hibrido,Santiago,sql
24,Rodrigo,Rodriguez,Riquelme,934611234,rodrigor@duocuc.cl,Santiago,Duoc UC,Instituto,Superior completa,Ing. en Telecomunicaciones,Liderazgo,Inglés,,344,DBA jr,2020-01-03 00:00:00,2023-10-28 00:00:00,,Santiago,Jornada completa,Ingeniero Informático,Hibrido,sql,20,2023-11-12 00:00:00,1200000,,438,Ing. Informático,2023-11-10 00:00:00,2,Ingeniero Informático,Hibrido,Santiago,sql
24,Rodrigo,Rodriguez,Riquelme,934611234,rodrigor@duocuc.cl,Santiago,Duoc UC,Instituto,Superior completa,Ing. en Telecomunicaciones,Liderazgo,Inglés,,344,DBA jr,2020-01-03 00:00:00,2023-10-28 00:00:00,,Santiago,Jornada completa,Ingeniero Informático,Hibrido,SqlOracle,20,2023-11-12 00:00:00,1200000,,438,Ing. Informático,2023-11-10 00:00:00,2,Ingeniero Informático,Hibrido,Santiago,sql
24,Rodrigo,Rodriguez,Riquelme,934611234,rodrigor@duocuc.cl,Santiago,Duoc UC,Instituto,Superior completa,Ing. en Telecomunicaciones,Liderazgo,Inglés,,344,DBA jr,2020-01-03 00:00:00,2023-10-28 00:00:00,,Santiago,Jornada completa,Ingeniero Informático,Hibrido,R,20,2023-11-12 00:00:00,1200000,,438,Ing. Informático,2023-11-10 00:00:00,2,Ingeniero Informático,Hibrido,Santiago,python
24,Rodrigo,Rodriguez,Riquelme,934611234,rodrigor@duocuc.cl,Santiago,Duoc UC,Instituto,Superior completa,Ing. en Telecomunicaciones,Liderazgo,Inglés,,344,DBA jr,2020-01-03 00:00:00,2023-10-28 00:00:00,,Santiago,Jornada completa,Ingeniero Informático,Hibrido,python,20,2023-11-12 00:00:00,1200000,,438,Ing. Informático,2023-11-10 00:00:00,2,Ingeniero Informático,Hibrido,Santiago,python
24,Rodrigo,Rodriguez,Riquelme,934611234,rodrigor@duocuc.cl,Santiago,Duoc UC,Instituto,Superior completa,Ing. en Telecomunicaciones,Liderazgo,Inglés,,344,DBA jr,2020-01-03 00:00:00,2023-10-28 00:00:00,,Santiago,Jornada completa,Ingeniero Informático,Hibrido,sql,20,2023-11-12 00:00:00,1200000,,438,Ing. Informático,2023-11-10 00:00:00,2,Ingeniero Informático,Hibrido,Santiago,python
24,Rodrigo,Rodriguez,Riquelme,934611234,rodrigor@duocuc.cl,Santiago,Duoc UC,Instituto,Superior completa,Ing. en Telecomunicaciones,Liderazgo,Inglés,,344,DBA jr,2020-01-03 00:00:00,2023-10-28 00:00:00,,Santiago,Jornada completa,Ingeniero Informático,Hibrido,SqlOracle,20,2023-11-12 00:00:00,1200000,,438,Ing. Informático,2023-11-10 00:00:00,2,Ingeniero Informático,Hibrido,Santiago,python
24,Rodrigo,Rodriguez,Riquelme,934611234,rodrigor@duocuc.cl,Santiago,Duoc UC,Instituto,Superior completa,Ing. en Telecomunicaciones,Liderazgo,Sueco,,344,DBA jr,2020-01-03 00:00:00,2023-10-28 00:00:00,,Santiago,Jornada completa,Ingeniero Informático,Hibrido,R,20,2023-11-12 00:00:00,1200000,,438,Ing. Informático,2023-11-10 00:00:00,2,Ingeniero Informático,Hibrido,Santiago,sql
24,Rodrigo,Rodriguez,Riquelme,934611234,rodrigor@duocuc.cl,Santiago,Duoc UC,Instituto,Superior completa,Ing. en Telecomunicaciones,Liderazgo,Sueco,,344,DBA jr,2020-01-03 00:00:00,2023-10-28 00:00:00,,Santiago,Jornada completa,Ingeniero Informático,Hibrido,python,20,2023-11-12 00:00:00,1200000,,438,Ing. Informático,2023-11-10 00:00:00,2,Ingeniero Informático,Hibrido,Santiago,sql
24,Rodrigo,Rodriguez,Riquelme,934611234,rodrigor@duocuc.cl,Santiago,Duoc UC,Instituto,Superior completa,Ing. en Telecomunicaciones,Liderazgo,Sueco,,344,DBA jr,2020-01-03 00:00:00,2023-10-28 00:00:00,,Santiago,Jornada completa,Ingeniero Informático,Hibrido,sql,20,2023-11-12 00:00:00,1200000,,438,Ing. Informático,2023-11-10 00:00:00,2,Ingeniero Informático,Hibrido,Santiago,sql
24,Rodrigo,Rodriguez,Riquelme,934611234,rodrigor@duocuc.cl,Santiago,Duoc UC,Instituto,Superior completa,Ing. en Telecomunicaciones,Liderazgo,Sueco,,344,DBA jr,2020-01-03 00:00:00,2023-10-28 00:00:00,,Santiago,Jornada completa,Ingeniero Informático,Hibrido,SqlOracle,20,2023-11-12 00:00:00,1200000,,438,Ing. Informático,2023-11-10 00:00:00,2,Ingeniero Informático,Hibrido,Santiago,sql
24,Rodrigo,Rodriguez,Riquelme,934611234,rodrigor@duocuc.cl,Santiago,Duoc UC,Instituto,Superior completa,Ing. en Telecomunicaciones,Liderazgo,Sueco,,344,DBA jr,2020-01-03 00:00:00,2023-10-28 00:00:00,,Santiago,Jornada completa,Ingeniero Informático,Hibrido,R,20,2023-11-12 00:00:00,1200000,,438,Ing. Informático,2023-11-10 00:00:00,2,Ingeniero Informático,Hibrido,Santiago,python
24,Rodrigo,Rodriguez,Riquelme,934611234,rodrigor@duocuc.cl,Santiago,Duoc UC,Instituto,Superior completa,Ing. en Telecomunicaciones,Liderazgo,Sueco,,344,DBA jr,2020-01-03 00:00:00,2023-10-28 00:00:00,,Santiago,Jornada completa,Ingeniero Informático,Hibrido,python,20,2023-11-12 00:00:00,1200000,,438,Ing. Informático,2023-11-10 00:00:00,2,Ingeniero Informático,Hibrido,Santiago,python
24,Rodrigo,Rodriguez,Riquelme,934611234,rodrigor@duocuc.cl,Santiago,Duoc UC,Instituto,Superior completa,Ing. en Telecomunicaciones,Liderazgo,Sueco,,344,DBA jr,2020-01-03 00:00:00,2023-10-28 00:00:00,,Santiago,Jornada completa,Ingeniero Informático,Hibrido,sql,20,2023-11-12 00:00:00,1200000,,438,Ing. Informático,2023-11-10 00:00:00,2,Ingeniero Informático,Hibrido,Santiago,python
24,Rodrigo,Rodriguez,Riquelme,934611234,rodrigor@duocuc.cl,Santiago,Duoc UC,Instituto,Superior completa,Ing. en Telecomunicaciones,Liderazgo,Sueco,,344,DBA jr,2020-01-03 00:00:00,2023-10-28 00:00:00,,Santiago,Jornada completa,Ingeniero Informático,Hibrido,SqlOracle,20,2023-11-12 00:00:00,1200000,,438,Ing. Informático,2023-11-10 00:00:00,2,Ingeniero Informático,Hibrido,Santiago,python
24,Rodrigo,Rodriguez,Riquelme,934611234,rodrigor@duocuc.cl,Santiago,Duoc UC,Instituto,Superior completa,Ing. en Telecomunicaciones,Empatía,Inglés,,344,DBA jr,2020-01-03 00:00:00,2023-10-28 00:00:00,,Santiago,Jornada completa,Ingeniero Informático,Hibrido,R,20,2023-11-12 00:00:00,1200000,,438,Ing. Informático,2023-11-10 00:00:00,2,Ingeniero Informático,Hibrido,Santiago,sql
24,Rodrigo,Rodriguez,Riquelme,934611234,rodrigor@duocuc.cl,Santiago,Duoc UC,Instituto,Superior completa,Ing. en Telecomunicaciones,Empatía,Inglés,,344,DBA jr,2020-01-03 00:00:00,2023-10-28 00:00:00,,Santiago,Jornada completa,Ingeniero Informático,Hibrido,python,20,2023-11-12 00:00:00,1200000,,438,Ing. Informático,2023-11-10 00:00:00,2,Ingeniero Informático,Hibrido,Santiago,sql
24,Rodrigo,Rodriguez,Riquelme,934611234,rodrigor@duocuc.cl,Santiago,Duoc UC,Instituto,Superior completa,Ing. en Telecomunicaciones,Empatía,Inglés,,344,DBA jr,2020-01-03 00:00:00,2023-10-28 00:00:00,,Santiago,Jornada completa,Ingeniero Informático,Hibrido,sql,20,2023-11-12 00:00:00,1200000,,438,Ing. Informático,2023-11-10 00:00:00,2,Ingeniero Informático,Hibrido,Santiago,sql
24,Rodrigo,Rodriguez,Riquelme,934611234,rodrigor@duocuc.cl,Santiago,Duoc UC,Instituto,Superior completa,Ing. en Telecomunicaciones,Empatía,Inglés,,344,DBA jr,2020-01-03 00:00:00,2023-10-28 00:00:00,,Santiago,Jornada completa,Ingeniero Informático,Hibrido,SqlOracle,20,2023-11-12 00:00:00,1200000,,438,Ing. Informático,2023-11-10 00:00:00,2,Ingeniero Informático,Hibrido,Santiago,sql
24,Rodrigo,Rodriguez,Riquelme,934611234,rodrigor@duocuc.cl,Santiago,Duoc UC,Instituto,Superior completa,Ing. en Telecomunicaciones,Empatía,Inglés,,344,DBA jr,2020-01-03 00:00:00,2023-10-28 00:00:00,,Santiago,Jornada completa,Ingeniero Informático,Hibrido,R,20,2023-11-12 00:00:00,1200000,,438,Ing. Informático,2023-11-10 00:00:00,2,Ingeniero Informático,Hibrido,Santiago,python
24,Rodrigo,Rodriguez,Riquelme,934611234,rodrigor@duocuc.cl,Santiago,Duoc UC,Instituto,Superior completa,Ing. en Telecomunicaciones,Empatía,Inglés,,344,DBA jr,2020-01-03 00:00:00,2023-10-28 00:00:00,,Santiago,Jornada completa,Ingeniero Informático,Hibrido,python,20,2023-11-12 00:00:00,1200000,,438,Ing. Informático,2023-11-10 00:00:00,2,Ingeniero Informático,Hibrido,Santiago,python
24,Rodrigo,Rodriguez,Riquelme,934611234,rodrigor@duocuc.cl,Santiago,Duoc UC,Instituto,Superior completa,Ing. en Telecomunicaciones,Empatía,Inglés,,344,DBA jr,2020-01-03 00:00:00,2023-10-28 00:00:00,,Santiago,Jornada completa,Ingeniero Informático,Hibrido,sql,20,2023-11-12 00:00:00,1200000,,438,Ing. Informático,2023-11-10 00:00:00,2,Ingeniero Informático,Hibrido,Santiago,python
24,Rodrigo,Rodriguez,Riquelme,934611234,rodrigor@duocuc.cl,Santiago,Duoc UC,Instituto,Superior completa,Ing. en Telecomunicaciones,Empatía,Inglés,,344,DBA jr,2020-01-03 00:00:00,2023-10-28 00:00:00,,Santiago,Jornada completa,Ingeniero Informático,Hibrido,SqlOracle,20,2023-11-12 00:00:00,1200000,,438,Ing. Informático,2023-11-10 00:00:00,2,Ingeniero Informático,Hibrido,Santiago,python
24,Rodrigo,Rodriguez,Riquelme,934611234,rodrigor@duocuc.cl,Santiago,Duoc UC,Instituto,Superior completa,Ing. en Telecomunicaciones,Empatía,Sueco,,344,DBA jr,2020-01-03 00:00:00,2023-10-28 00:00:00,,Santiago,Jornada completa,Ingeniero Informático,Hibrido,R,20,2023-11-12 00:00:00,1200000,,438,Ing. Informático,2023-11-10 00:00:00,2,Ingeniero Informático,Hibrido,Santiago,sql
24,Rodrigo,Rodriguez,Riquelme,934611234,rodrigor@duocuc.cl,Santiago,Duoc UC,Instituto,Superior completa,Ing. en Telecomunicaciones,Empatía,Sueco,,344,DBA jr,2020-01-03 00:00:00,2023-10-28 00:00:00,,Santiago,Jornada completa,Ingeniero Informático,Hibrido,python,20,2023-11-12 00:00:00,1200000,,438,Ing. Informático,2023-11-10 00:00:00,2,Ingeniero Informático,Hibrido,Santiago,sql
24,Rodrigo,Rodriguez,Riquelme,934611234,rodrigor@duocuc.cl,Santiago,Duoc UC,Instituto,Superior completa,Ing. en Telecomunicaciones,Empatía,Sueco,,344,DBA jr,2020-01-03 00:00:00,2023-10-28 00:00:00,,Santiago,Jornada completa,Ingeniero Informático,Hibrido,sql,20,2023-11-12 00:00:00,1200000,,438,Ing. Informático,2023-11-10 00:00:00,2,Ingeniero Informático,Hibrido,Santiago,sql
24,Rodrigo,Rodriguez,Riquelme,934611234,rodrigor@duocuc.cl,Santiago,Duoc UC,Instituto,Superior completa,Ing. en Telecomunicaciones,Empatía,Sueco,,344,DBA jr,2020-01-03 00:00:00,2023-10-28 00:00:00,,Santiago,Jornada completa,Ingeniero Informático,Hibrido,SqlOracle,20,2023-11-12 00:00:00,1200000,,438,Ing. Informático,2023-11-10 00:00:00,2,Ingeniero Informático,Hibrido,Santiago,sql
24,Rodrigo,Rodriguez,Riquelme,934611234,rodrigor@duocuc.cl,Santiago,Duoc UC,Instituto,Superior completa,Ing. en Telecomunicaciones,Empatía,Sueco,,344,DBA jr,2020-01-03 00:00:00,2023-10-28 00:00:00,,Santiago,Jornada completa,Ingeniero Informático,Hibrido,R,20,2023-11-12 00:00:00,1200000,,438,Ing. Informático,2023-11-10 00:00:00,2,Ingeniero Informático,Hibrido,Santiago,python
24,Rodrigo,Rodriguez,Riquelme,934611234,rodrigor@duocuc.cl,Santiago,Duoc UC,Instituto,Superior completa,Ing. en Telecomunicaciones,Empatía,Sueco,,344,DBA jr,2020-01-03 00:00:00,2023-10-28 00:00:00,,Santiago,Jornada completa,Ingeniero Informático,Hibrido,python,20,2023-11-12 00:00:00,1200000,,438,Ing. Informático,2023-11-10 00:00:00,2,Ingeniero Informático,Hibrido,Santiago,python
24,Rodrigo,Rodriguez,Riquelme,934611234,rodrigor@duocuc.cl,Santiago,Duoc UC,Instituto,Superior completa,Ing. en Telecomunicaciones,Empatía,Sueco,,344,DBA jr,2020-01-03 00:00:00,2023-10-28 00:00:00,,Santiago,Jornada completa,Ingeniero Informático,Hibrido,sql,20,2023-11-12 00:00:00,1200000,,438,Ing. Informático,2023-11-10 00:00:00,2,Ingeniero Informático,Hibrido,Santiago,python
24,Rodrigo,Rodriguez,Riquelme,934611234,rodrigor@duocuc.cl,Santiago,Duoc UC,Instituto,Superior completa,Ing. en Telecomunicaciones,Empatía,Sueco,,344,DBA jr,2020-01-03 00:00:00,2023-10-28 00:00:00,,Santiago,Jornada completa,Ingeniero Informático,Hibrido,SqlOracle,20,2023-11-12 00:00:00,1200000,,438,Ing. Informático,2023-11-10 00:00:00,2,Ingeniero Informático,Hibrido,Santiago,python
25,José,Ortiz,Medel,986231564,joi.ortiz@duocuc.cl,Independencia,Duoc UC,Instituto,Superior completa,Ing. en Informática,Trabajo en equipo,Inglés,,,,,,,,,,,JavaScript,22,2023-11-12 00:00:00,1500000,asdasdasd,438,Ing. Informático,2023-11-10 00:00:00,2,Ingeniero Informático,Hibrido,Santiago,sql
25,José,Ortiz,Medel,986231564,joi.ortiz@duocuc.cl,Independencia,Duoc UC,Instituto,Superior completa,Ing. en Informática,Trabajo en equipo,Inglés,,,,,,,,,,,Java,22,2023-11-12 00:00:00,1500000,asdasdasd,438,Ing. Informático,2023-11-10 00:00:00,2,Ingeniero Informático,Hibrido,Santiago,sql
25,José,Ortiz,Medel,986231564,joi.ortiz@duocuc.cl,Independencia,Duoc UC,Instituto,Superior completa,Ing. en Informática,Trabajo en equipo,Inglés,,,,,,,,,,,JavaScript,22,2023-11-12 00:00:00,1500000,asdasdasd,438,Ing. Informático,2023-11-10 00:00:00,2,Ingeniero Informático,Hibrido,Santiago,python
25,José,Ortiz,Medel,986231564,joi.ortiz@duocuc.cl,Independencia,Duoc UC,Instituto,Superior completa,Ing. en Informática,Trabajo en equipo,Inglés,,,,,,,,,,,Java,22,2023-11-12 00:00:00,1500000,asdasdasd,438,Ing. Informático,2023-11-10 00:00:00,2,Ingeniero Informático,Hibrido,Santiago,python
25,José,Ortiz,Medel,986231564,joi.ortiz@duocuc.cl,Independencia,Duoc UC,Instituto,Superior completa,Ing. en Informática,Liderazgo,Inglés,,,,,,,,,,,JavaScript,22,2023-11-12 00:00:00,1500000,asdasdasd,438,Ing. Informático,2023-11-10 00:00:00,2,Ingeniero Informático,Hibrido,Santiago,sql
25,José,Ortiz,Medel,986231564,joi.ortiz@duocuc.cl,Independencia,Duoc UC,Instituto,Superior completa,Ing. en Informática,Liderazgo,Inglés,,,,,,,,,,,Java,22,2023-11-12 00:00:00,1500000,asdasdasd,438,Ing. Informático,2023-11-10 00:00:00,2,Ingeniero Informático,Hibrido,Santiago,sql
25,José,Ortiz,Medel,986231564,joi.ortiz@duocuc.cl,Independencia,Duoc UC,Instituto,Superior completa,Ing. en Informática,Liderazgo,Inglés,,,,,,,,,,,JavaScript,22,2023-11-12 00:00:00,1500000,asdasdasd,438,Ing. Informático,2023-11-10 00:00:00,2,Ingeniero Informático,Hibrido,Santiago,python
25,José,Ortiz,Medel,986231564,joi.ortiz@duocuc.cl,Independencia,Duoc UC,Instituto,Superior completa,Ing. en Informática,Liderazgo,Inglés,,,,,,,,,,,Java,22,2023-11-12 00:00:00,1500000,asdasdasd,438,Ing. Informático,2023-11-10 00:00:00,2,Ingeniero Informático,Hibrido,Santiago,python
25,José,Ortiz,Medel,986231564,joi.ortiz@duocuc.cl,Independencia,Duoc UC,Instituto,Superior completa,Ing. en Informática,Toma de decisiones,Inglés,,,,,,,,,,,JavaScript,22,2023-11-12 00:00:00,1500000,asdasdasd,438,Ing. Informático,2023-11-10 00:00:00,2,Ingeniero Informático,Hibrido,Santiago,sql
25,José,Ortiz,Medel,986231564,joi.ortiz@duocuc.cl,Independencia,Duoc UC,Instituto,Superior completa,Ing. en Informática,Toma de decisiones,Inglés,,,,,,,,,,,Java,22,2023-11-12 00:00:00,1500000,asdasdasd,438,Ing. Informático,2023-11-10 00:00:00,2,Ingeniero Informático,Hibrido,Santiago,sql
25,José,Ortiz,Medel,986231564,joi.ortiz@duocuc.cl,Independencia,Duoc UC,Instituto,Superior completa,Ing. en Informática,Toma de decisiones,Inglés,,,,,,,,,,,JavaScript,22,2023-11-12 00:00:00,1500000,asdasdasd,438,Ing. Informático,2023-11-10 00:00:00,2,Ingeniero Informático,Hibrido,Santiago,python
25,José,Ortiz,Medel,986231564,joi.ortiz@duocuc.cl,Independencia,Duoc UC,Instituto,Superior completa,Ing. en Informática,Toma de decisiones,Inglés,,,,,,,,,,,Java,22,2023-11-12 00:00:00,1500000,asdasdasd,438,Ing. Informático,2023-11-10 00:00:00,2,Ingeniero Informático,Hibrido,Santiago,python
26,Jordan,Poblete,Martinez,987643215,jor.pobletem@duocuc.cl,Quilicura,Duoc UC,Instituto,Superior completa,Ing. en Informática,Adaptabilidad,Inglés,Otro,368,Programador pl sql,2022-07-03 00:00:00,2023-10-31 00:00:00,,Santiago,Jornada completa,Ingeniero Informático,Hibrido,sql,23,2023-11-12 00:00:00,1500000,asdasd13,438,Ing. Informático,2023-11-10 00:00:00,2,Ingeniero Informático,Hibrido,Santiago,sql
26,Jordan,Poblete,Martinez,987643215,jor.pobletem@duocuc.cl,Quilicura,Duoc UC,Instituto,Superior completa,Ing. en Informática,Adaptabilidad,Inglés,Otro,368,Programador pl sql,2022-07-03 00:00:00,2023-10-31 00:00:00,,Santiago,Jornada completa,Ingeniero Informático,Hibrido,SqlOracle,23,2023-11-12 00:00:00,1500000,asdasd13,438,Ing. Informático,2023-11-10 00:00:00,2,Ingeniero Informático,Hibrido,Santiago,sql
26,Jordan,Poblete,Martinez,987643215,jor.pobletem@duocuc.cl,Quilicura,Duoc UC,Instituto,Superior completa,Ing. en Informática,Adaptabilidad,Inglés,Otro,368,Programador pl sql,2022-07-03 00:00:00,2023-10-31 00:00:00,,Santiago,Jornada completa,Ingeniero Informático,Hibrido,python,23,2023-11-12 00:00:00,1500000,asdasd13,438,Ing. Informático,2023-11-10 00:00:00,2,Ingeniero Informático,Hibrido,Santiago,sql
26,Jordan,Poblete,Martinez,987643215,jor.pobletem@duocuc.cl,Quilicura,Duoc UC,Instituto,Superior completa,Ing. en Informática,Adaptabilidad,Inglés,Otro,368,Programador pl sql,2022-07-03 00:00:00,2023-10-31 00:00:00,,Santiago,Jornada completa,Ingeniero Informático,Hibrido,Shiny,23,2023-11-12 00:00:00,1500000,asdasd13,438,Ing. Informático,2023-11-10 00:00:00,2,Ingeniero Informático,Hibrido,Santiago,sql
26,Jordan,Poblete,Martinez,987643215,jor.pobletem@duocuc.cl,Quilicura,Duoc UC,Instituto,Superior completa,Ing. en Informática,Adaptabilidad,Inglés,Otro,368,Programador pl sql,2022-07-03 00:00:00,2023-10-31 00:00:00,,Santiago,Jornada completa,Ingeniero Informático,Hibrido,sql,23,2023-11-12 00:00:00,1500000,asdasd13,438,Ing. Informático,2023-11-10 00:00:00,2,Ingeniero Informático,Hibrido,Santiago,python
26,Jordan,Poblete,Martinez,987643215,jor.pobletem@duocuc.cl,Quilicura,Duoc UC,Instituto,Superior completa,Ing. en Informática,Adaptabilidad,Inglés,Otro,368,Programador pl sql,2022-07-03 00:00:00,2023-10-31 00:00:00,,Santiago,Jornada completa,Ingeniero Informático,Hibrido,SqlOracle,23,2023-11-12 00:00:00,1500000,asdasd13,438,Ing. Informático,2023-11-10 00:00:00,2,Ingeniero Informático,Hibrido,Santiago,python
26,Jordan,Poblete,Martinez,987643215,jor.pobletem@duocuc.cl,Quilicura,Duoc UC,Instituto,Superior completa,Ing. en Informática,Adaptabilidad,Inglés,Otro,368,Programador pl sql,2022-07-03 00:00:00,2023-10-31 00:00:00,,Santiago,Jornada completa,Ingeniero Informático,Hibrido,python,23,2023-11-12 00:00:00,1500000,asdasd13,438,Ing. Informático,2023-11-10 00:00:00,2,Ingeniero Informático,Hibrido,Santiago,python
26,Jordan,Poblete,Martinez,987643215,jor.pobletem@duocuc.cl,Quilicura,Duoc UC,Instituto,Superior completa,Ing. en Informática,Adaptabilidad,Inglés,Otro,368,Programador pl sql,2022-07-03 00:00:00,2023-10-31 00:00:00,,Santiago,Jornada completa,Ingeniero Informático,Hibrido,Shiny,23,2023-11-12 00:00:00,1500000,asdasd13,438,Ing. Informático,2023-11-10 00:00:00,2,Ingeniero Informático,Hibrido,Santiago,python
26,Jordan,Poblete,Martinez,987643215,jor.pobletem@duocuc.cl,Quilicura,Duoc UC,Instituto,Superior completa,Ing. en Informática,Creatividad,Inglés,Otro,368,Programador pl sql,2022-07-03 00:00:00,2023-10-31 00:00:00,,Santiago,Jornada completa,Ingeniero Informático,Hibrido,sql,23,2023-11-12 00:00:00,1500000,asdasd13,438,Ing. Informático,2023-11-10 00:00:00,2,Ingeniero Informático,Hibrido,Santiago,sql
26,Jordan,Poblete,Martinez,987643215,jor.pobletem@duocuc.cl,Quilicura,Duoc UC,Instituto,Superior completa,Ing. en Informática,Creatividad,Inglés,Otro,368,Programador pl sql,2022-07-03 00:00:00,2023-10-31 00:00:00,,Santiago,Jornada completa,Ingeniero Informático,Hibrido,SqlOracle,23,2023-11-12 00:00:00,1500000,asdasd13,438,Ing. Informático,2023-11-10 00:00:00,2,Ingeniero Informático,Hibrido,Santiago,sql
26,Jordan,Poblete,Martinez,987643215,jor.pobletem@duocuc.cl,Quilicura,Duoc UC,Instituto,Superior completa,Ing. en Informática,Creatividad,Inglés,Otro,368,Programador pl sql,2022-07-03 00:00:00,2023-10-31 00:00:00,,Santiago,Jornada completa,Ingeniero Informático,Hibrido,python,23,2023-11-12 00:00:00,1500000,asdasd13,438,Ing. Informático,2023-11-10 00:00:00,2,Ingeniero Informático,Hibrido,Santiago,sql
26,Jordan,Poblete,Martinez,987643215,jor.pobletem@duocuc.cl,Quilicura,Duoc UC,Instituto,Superior completa,Ing. en Informática,Creatividad,Inglés,Otro,368,Programador pl sql,2022-07-03 00:00:00,2023-10-31 00:00:00,,Santiago,Jornada completa,Ingeniero Informático,Hibrido,Shiny,23,2023-11-12 00:00:00,1500000,asdasd13,438,Ing. Informático,2023-11-10 00:00:00,2,Ingeniero Informático,Hibrido,Santiago,sql
26,Jordan,Poblete,Martinez,987643215,jor.pobletem@duocuc.cl,Quilicura,Duoc UC,Instituto,Superior completa,Ing. en Informática,Creatividad,Inglés,Otro,368,Programador pl sql,2022-07-03 00:00:00,2023-10-31 00:00:00,,Santiago,Jornada completa,Ingeniero Informático,Hibrido,sql,23,2023-11-12 00:00:00,1500000,asdasd13,438,Ing. Informático,2023-11-10 00:00:00,2,Ingeniero Informático,Hibrido,Santiago,python
26,Jordan,Poblete,Martinez,987643215,jor.pobletem@duocuc.cl,Quilicura,Duoc UC,Instituto,Superior completa,Ing. en Informática,Creatividad,Inglés,Otro,368,Programador pl sql,2022-07-03 00:00:00,2023-10-31 00:00:00,,Santiago,Jornada completa,Ingeniero Informático,Hibrido,SqlOracle,23,2023-11-12 00:00:00,1500000,asdasd13,438,Ing. Informático,2023-11-10 00:00:00,2,Ingeniero Informático,Hibrido,Santiago,python
26,Jordan,Poblete,Martinez,987643215,jor.pobletem@duocuc.cl,Quilicura,Duoc UC,Instituto,Superior completa,Ing. en Informática,Creatividad,Inglés,Otro,368,Programador pl sql,2022-07-03 00:00:00,2023-10-31 00:00:00,,Santiago,Jornada completa,Ingeniero Informático,Hibrido,python,23,2023-11-12 00:00:00,1500000,asdasd13,438,Ing. Informático,2023-11-10 00:00:00,2,Ingeniero Informático,Hibrido,Santiago,python
26,Jordan,Poblete,Martinez,987643215,jor.pobletem@duocuc.cl,Quilicura,Duoc UC,Instituto,Superior completa,Ing. en Informática,Creatividad,Inglés,Otro,368,Programador pl sql,2022-07-03 00:00:00,2023-10-31 00:00:00,,Santiago,Jornada completa,Ingeniero Informático,Hibrido,Shiny,23,2023-11-12 00:00:00,1500000,asdasd13,438,Ing. Informático,2023-11-10 00:00:00,2,Ingeniero Informático,Hibrido,Santiago,python
26,Jordan,Poblete,Martinez,987643215,jor.pobletem@duocuc.cl,Quilicura,Duoc UC,Instituto,Superior completa,Ing. en Informática,Empatía,Inglés,Otro,368,Programador pl sql,2022-07-03 00:00:00,2023-10-31 00:00:00,,Santiago,Jornada completa,Ingeniero Informático,Hibrido,sql,23,2023-11-12 00:00:00,1500000,asdasd13,438,Ing. Informático,2023-11-10 00:00:00,2,Ingeniero Informático,Hibrido,Santiago,sql
26,Jordan,Poblete,Martinez,987643215,jor.pobletem@duocuc.cl,Quilicura,Duoc UC,Instituto,Superior completa,Ing. en Informática,Empatía,Inglés,Otro,368,Programador pl sql,2022-07-03 00:00:00,2023-10-31 00:00:00,,Santiago,Jornada completa,Ingeniero Informático,Hibrido,SqlOracle,23,2023-11-12 00:00:00,1500000,asdasd13,438,Ing. Informático,2023-11-10 00:00:00,2,Ingeniero Informático,Hibrido,Santiago,sql
26,Jordan,Poblete,Martinez,987643215,jor.pobletem@duocuc.cl,Quilicura,Duoc UC,Instituto,Superior completa,Ing. en Informática,Empatía,Inglés,Otro,368,Programador pl sql,2022-07-03 00:00:00,2023-10-31 00:00:00,,Santiago,Jornada completa,Ingeniero Informático,Hibrido,python,23,2023-11-12 00:00:00,1500000,asdasd13,438,Ing. Informático,2023-11-10 00:00:00,2,Ingeniero Informático,Hibrido,Santiago,sql
26,Jordan,Poblete,Martinez,987643215,jor.pobletem@duocuc.cl,Quilicura,Duoc UC,Instituto,Superior completa,Ing. en Informática,Empatía,Inglés,Otro,368,Programador pl sql,2022-07-03 00:00:00,2023-10-31 00:00:00,,Santiago,Jornada completa,Ingeniero Informático,Hibrido,Shiny,23,2023-11-12 00:00:00,1500000,asdasd13,438,Ing. Informático,2023-11-10 00:00:00,2,Ingeniero Informático,Hibrido,Santiago,sql
26,Jordan,Poblete,Martinez,987643215,jor.pobletem@duocuc.cl,Quilicura,Duoc UC,Instituto,Superior completa,Ing. en Informática,Empatía,Inglés,Otro,368,Programador pl sql,2022-07-03 00:00:00,2023-10-31 00:00:00,,Santiago,Jornada completa,Ingeniero Informático,Hibrido,sql,23,2023-11-12 00:00:00,1500000,asdasd13,438,Ing. Informático,2023-11-10 00:00:00,2,Ingeniero Informático,Hibrido,Santiago,python
26,Jordan,Poblete,Martinez,987643215,jor.pobletem@duocuc.cl,Quilicura,Duoc UC,Instituto,Superior completa,Ing. en Informática,Empatía,Inglés,Otro,368,Programador pl sql,2022-07-03 00:00:00,2023-10-31 00:00:00,,Santiago,Jornada completa,Ingeniero Informático,Hibrido,SqlOracle,23,2023-11-12 00:00:00,1500000,asdasd13,438,Ing. Informático,2023-11-10 00:00:00,2,Ingeniero Informático,Hibrido,Santiago,python
26,Jordan,Poblete,Martinez,987643215,jor.pobletem@duocuc.cl,Quilicura,Duoc UC,Instituto,Superior completa,Ing. en Informática,Empatía,Inglés,Otro,368,Programador pl sql,2022-07-03 00:00:00,2023-10-31 00:00:00,,Santiago,Jornada completa,Ingeniero Informático,Hibrido,python,23,2023-11-12 00:00:00,1500000,asdasd13,438,Ing. Informático,2023-11-10 00:00:00,2,Ingeniero Informático,Hibrido,Santiago,python
26,Jordan,Poblete,Martinez,987643215,jor.pobletem@duocuc.cl,Quilicura,Duoc UC,Instituto,Superior completa,Ing. en Informática,Empatía,Inglés,Otro,368,Programador pl sql,2022-07-03 00:00:00,2023-10-31 00:00:00,,Santiago,Jornada completa,Ingeniero Informático,Hibrido,Shiny,23,2023-11-12 00:00:00,1500000,asdasd13,438,Ing. Informático,2023-11-10 00:00:00,2,Ingeniero Informático,Hibrido,Santiago,python
27,Cristiano,Ronaldo,Messi,934613221,crisronaldo@duocuc.cl,La Florida,Universidad de Santiago de Chile,Universidad,Superior completa,Ing. en Informática,Liderazgo,Inglés,Reconocimiento en competancia deportiva,378,Subgerente Infraestructura TI,2019-02-14 00:00:00,2023-09-28 00:00:00,,Santiago,Jornada completa,Ingeniero Informático,Hibrido,python,24,2023-11-12 00:00:00,1700000,123123asdasdas,438,Ing. Informático,2023-11-10 00:00:00,2,Ingeniero Informático,Hibrido,Santiago,sql
27,Cristiano,Ronaldo,Messi,934613221,crisronaldo@duocuc.cl,La Florida,Universidad de Santiago de Chile,Universidad,Superior completa,Ing. en Informática,Liderazgo,Inglés,Reconocimiento en competancia deportiva,378,Subgerente Infraestructura TI,2019-02-14 00:00:00,2023-09-28 00:00:00,,Santiago,Jornada completa,Ingeniero Informático,Hibrido,R,24,2023-11-12 00:00:00,1700000,123123asdasdas,438,Ing. Informático,2023-11-10 00:00:00,2,Ingeniero Informático,Hibrido,Santiago,sql
27,Cristiano,Ronaldo,Messi,934613221,crisronaldo@duocuc.cl,La Florida,Universidad de Santiago de Chile,Universidad,Superior completa,Ing. en Informática,Liderazgo,Inglés,Reconocimiento en competancia deportiva,378,Subgerente Infraestructura TI,2019-02-14 00:00:00,2023-09-28 00:00:00,,Santiago,Jornada completa,Ingeniero Informático,Hibrido,python,24,2023-11-12 00:00:00,1700000,123123asdasdas,438,Ing. Informático,2023-11-10 00:00:00,2,Ingeniero Informático,Hibrido,Santiago,python
27,Cristiano,Ronaldo,Messi,934613221,crisronaldo@duocuc.cl,La Florida,Universidad de Santiago de Chile,Universidad,Superior completa,Ing. en Informática,Liderazgo,Inglés,Reconocimiento en competancia deportiva,378,Subgerente Infraestructura TI,2019-02-14 00:00:00,2023-09-28 00:00:00,,Santiago,Jornada completa,Ingeniero Informático,Hibrido,R,24,2023-11-12 00:00:00,1700000,123123asdasdas,438,Ing. Informático,2023-11-10 00:00:00,2,Ingeniero Informático,Hibrido,Santiago,python
27,Cristiano,Ronaldo,Messi,934613221,crisronaldo@duocuc.cl,La Florida,Universidad de Santiago de Chile,Universidad,Superior completa,Ing. en Informática,Iniciativa,Inglés,Reconocimiento en competancia deportiva,378,Subgerente Infraestructura TI,2019-02-14 00:00:00,2023-09-28 00:00:00,,Santiago,Jornada completa,Ingeniero Informático,Hibrido,python,24,2023-11-12 00:00:00,1700000,123123asdasdas,438,Ing. Informático,2023-11-10 00:00:00,2,Ingeniero Informático,Hibrido,Santiago,sql
27,Cristiano,Ronaldo,Messi,934613221,crisronaldo@duocuc.cl,La Florida,Universidad de Santiago de Chile,Universidad,Superior completa,Ing. en Informática,Iniciativa,Inglés,Reconocimiento en competancia deportiva,378,Subgerente Infraestructura TI,2019-02-14 00:00:00,2023-09-28 00:00:00,,Santiago,Jornada completa,Ingeniero Informático,Hibrido,R,24,2023-11-12 00:00:00,1700000,123123asdasdas,438,Ing. Informático,2023-11-10 00:00:00,2,Ingeniero Informático,Hibrido,Santiago,sql
27,Cristiano,Ronaldo,Messi,934613221,crisronaldo@duocuc.cl,La Florida,Universidad de Santiago de Chile,Universidad,Superior completa,Ing. en Informática,Iniciativa,Inglés,Reconocimiento en competancia deportiva,378,Subgerente Infraestructura TI,2019-02-14 00:00:00,2023-09-28 00:00:00,,Santiago,Jornada completa,Ingeniero Informático,Hibrido,python,24,2023-11-12 00:00:00,1700000,123123asdasdas,438,Ing. Informático,2023-11-10 00:00:00,2,Ingeniero Informático,Hibrido,Santiago,python
27,Cristiano,Ronaldo,Messi,934613221,crisronaldo@duocuc.cl,La Florida,Universidad de Santiago de Chile,Universidad,Superior completa,Ing. en Informática,Iniciativa,Inglés,Reconocimiento en competancia deportiva,378,Subgerente Infraestructura TI,2019-02-14 00:00:00,2023-09-28 00:00:00,,Santiago,Jornada completa,Ingeniero Informático,Hibrido,R,24,2023-11-12 00:00:00,1700000,123123asdasdas,438,Ing. Informático,2023-11-10 00:00:00,2,Ingeniero Informático,Hibrido,Santiago,python
27,Cristiano,Ronaldo,Messi,934613221,crisronaldo@duocuc.cl,La Florida,Universidad de Santiago de Chile,Universidad,Superior completa,Ing. en Informática,Toma de decisiones,Inglés,Reconocimiento en competancia deportiva,378,Subgerente Infraestructura TI,2019-02-14 00:00:00,2023-09-28 00:00:00,,Santiago,Jornada completa,Ingeniero Informático,Hibrido,python,24,2023-11-12 00:00:00,1700000,123123asdasdas,438,Ing. Informático,2023-11-10 00:00:00,2,Ingeniero Informático,Hibrido,Santiago,sql
27,Cristiano,Ronaldo,Messi,934613221,crisronaldo@duocuc.cl,La Florida,Universidad de Santiago de Chile,Universidad,Superior completa,Ing. en Informática,Toma de decisiones,Inglés,Reconocimiento en competancia deportiva,378,Subgerente Infraestructura TI,2019-02-14 00:00:00,2023-09-28 00:00:00,,Santiago,Jornada completa,Ingeniero Informático,Hibrido,R,24,2023-11-12 00:00:00,1700000,123123asdasdas,438,Ing. Informático,2023-11-10 00:00:00,2,Ingeniero Informático,Hibrido,Santiago,sql
27,Cristiano,Ronaldo,Messi,934613221,crisronaldo@duocuc.cl,La Florida,Universidad de Santiago de Chile,Universidad,Superior completa,Ing. en Informática,Toma de decisiones,Inglés,Reconocimiento en competancia deportiva,378,Subgerente Infraestructura TI,2019-02-14 00:00:00,2023-09-28 00:00:00,,Santiago,Jornada completa,Ingeniero Informático,Hibrido,python,24,2023-11-12 00:00:00,1700000,123123asdasdas,438,Ing. Informático,2023-11-10 00:00:00,2,Ingeniero Informático,Hibrido,Santiago,python
27,Cristiano,Ronaldo,Messi,934613221,crisronaldo@duocuc.cl,La Florida,Universidad de Santiago de Chile,Universidad,Superior completa,Ing. en Informática,Toma de decisiones,Inglés,Reconocimiento en competancia deportiva,378,Subgerente Infraestructura TI,2019-02-14 00:00:00,2023-09-28 00:00:00,,Santiago,Jornada completa,Ingeniero Informático,Hibrido,R,24,2023-11-12 00:00:00,1700000,123123asdasdas,438,Ing. Informático,2023-11-10 00:00:00,2,Ingeniero Informático,Hibrido,Santiago,python
3,Alvaro,Orrego,Muñoz,31271572,alv.orrego@duocuc.cl,Independencia,Duoc UC,Instituto,Superior completa,Ing. en Informática,Resolución de problemas,Inglés,Reconocimiento en competencia de conocimientos,,,,,,,,,,python,144,2023-11-18 00:00:00,1200000,Tengo experiencia en...,142,Científico de datos,2023-11-16 00:00:00,5,Analista de Datos,Hibrido,Las Condes,sql
3,Alvaro,Orrego,Muñoz,31271572,alv.orrego@duocuc.cl,Independencia,Duoc UC,Instituto,Superior completa,Ing. en Informática,Resolución de problemas,Inglés,Reconocimiento en competencia de conocimientos,,,,,,,,,,sql,144,2023-11-18 00:00:00,1200000,Tengo experiencia en...,142,Científico de datos,2023-11-16 00:00:00,5,Analista de Datos,Hibrido,Las Condes,sql
3,Alvaro,Orrego,Muñoz,31271572,alv.orrego@duocuc.cl,Independencia,Duoc UC,Instituto,Superior completa,Ing. en Informática,Resolución de problemas,Inglés,Reconocimiento en competencia de conocimientos,,,,,,,,,,JavaScript,144,2023-11-18 00:00:00,1200000,Tengo experiencia en...,142,Científico de datos,2023-11-16 00:00:00,5,Analista de Datos,Hibrido,Las Condes,sql
3,Alvaro,Orrego,Muñoz,31271572,alv.orrego@duocuc.cl,Independencia,Duoc UC,Instituto,Superior completa,Ing. en Informática,Resolución de problemas,Inglés,Reconocimiento en competencia de conocimientos,,,,,,,,,,python,144,2023-11-18 00:00:00,1200000,Tengo experiencia en...,142,Científico de datos,2023-11-16 00:00:00,5,Analista de Datos,Hibrido,Las Condes,R
3,Alvaro,Orrego,Muñoz,31271572,alv.orrego@duocuc.cl,Independencia,Duoc UC,Instituto,Superior completa,Ing. en Informática,Resolución de problemas,Inglés,Reconocimiento en competencia de conocimientos,,,,,,,,,,sql,144,2023-11-18 00:00:00,1200000,Tengo experiencia en...,142,Científico de datos,2023-11-16 00:00:00,5,Analista de Datos,Hibrido,Las Condes,R
3,Alvaro,Orrego,Muñoz,31271572,alv.orrego@duocuc.cl,Independencia,Duoc UC,Instituto,Superior completa,Ing. en Informática,Resolución de problemas,Inglés,Reconocimiento en competencia de conocimientos,,,,,,,,,,JavaScript,144,2023-11-18 00:00:00,1200000,Tengo experiencia en...,142,Científico de datos,2023-11-16 00:00:00,5,Analista de Datos,Hibrido,Las Condes,R
3,Alvaro,Orrego,Muñoz,31271572,alv.orrego@duocuc.cl,Independencia,Duoc UC,Instituto,Superior completa,Ing. en Informática,Resolución de problemas,Inglés,Reconocimiento en competencia de conocimientos,,,,,,,,,,python,144,2023-11-18 00:00:00,1200000,Tengo experiencia en...,142,Científico de datos,2023-11-16 00:00:00,5,Analista de Datos,Hibrido,Las Condes,JavaScript
3,Alvaro,Orrego,Muñoz,31271572,alv.orrego@duocuc.cl,Independencia,Duoc UC,Instituto,Superior completa,Ing. en Informática,Resolución de problemas,Inglés,Reconocimiento en competencia de conocimientos,,,,,,,,,,sql,144,2023-11-18 00:00:00,1200000,Tengo experiencia en...,142,Científico de datos,2023-11-16 00:00:00,5,Analista de Datos,Hibrido,Las Condes,JavaScript
3,Alvaro,Orrego,Muñoz,31271572,alv.orrego@duocuc.cl,Independencia,Duoc UC,Instituto,Superior completa,Ing. en Informática,Resolución de problemas,Inglés,Reconocimiento en competencia de conocimientos,,,,,,,,,,JavaScript,144,2023-11-18 00:00:00,1200000,Tengo experiencia en...,142,Científico de datos,2023-11-16 00:00:00,5,Analista de Datos,Hibrido,Las Condes,JavaScript
3,Alvaro,Orrego,Muñoz,31271572,alv.orrego@duocuc.cl,Independencia,Duoc UC,Instituto,Superior completa,Ing. en Informática,Resolución de problemas,Inglés,Reconocimiento en competencia de conocimientos,,,,,,,,,,python,25,2023-11-12 00:00:00,1500000,asdadad13123adasdasd,438,Ing. Informático,2023-11-10 00:00:00,2,Ingeniero Informático,Hibrido,Santiago,sql
3,Alvaro,Orrego,Muñoz,31271572,alv.orrego@duocuc.cl,Independencia,Duoc UC,Instituto,Superior completa,Ing. en Informática,Resolución de problemas,Inglés,Reconocimiento en competencia de conocimientos,,,,,,,,,,sql,25,2023-11-12 00:00:00,1500000,asdadad13123adasdasd,438,Ing. Informático,2023-11-10 00:00:00,2,Ingeniero Informático,Hibrido,Santiago,sql
3,Alvaro,Orrego,Muñoz,31271572,alv.orrego@duocuc.cl,Independencia,Duoc UC,Instituto,Superior completa,Ing. en Informática,Resolución de problemas,Inglés,Reconocimiento en competencia de conocimientos,,,,,,,,,,JavaScript,25,2023-11-12 00:00:00,1500000,asdadad13123adasdasd,438,Ing. Informático,2023-11-10 00:00:00,2,Ingeniero Informático,Hibrido,Santiago,sql
3,Alvaro,Orrego,Muñoz,31271572,alv.orrego@duocuc.cl,Independencia,Duoc UC,Instituto,Superior completa,Ing. en Informática,Resolución de problemas,Inglés,Reconocimiento en competencia de conocimientos,,,,,,,,,,python,25,2023-11-12 00:00:00,1500000,asdadad13123adasdasd,438,Ing. Informático,2023-11-10 00:00:00,2,Ingeniero Informático,Hibrido,Santiago,python
3,Alvaro,Orrego,Muñoz,31271572,alv.orrego@duocuc.cl,Independencia,Duoc UC,Instituto,Superior completa,Ing. en Informática,Resolución de problemas,Inglés,Reconocimiento en competencia de conocimientos,,,,,,,,,,sql,25,2023-11-12 00:00:00,1500000,asdadad13123adasdasd,438,Ing. Informático,2023-11-10 00:00:00,2,Ingeniero Informático,Hibrido,Santiago,python
3,Alvaro,Orrego,Muñoz,31271572,alv.orrego@duocuc.cl,Independencia,Duoc UC,Instituto,Superior completa,Ing. en Informática,Resolución de problemas,Inglés,Reconocimiento en competencia de conocimientos,,,,,,,,,,JavaScript,25,2023-11-12 00:00:00,1500000,asdadad13123adasdasd,438,Ing. Informático,2023-11-10 00:00:00,2,Ingeniero Informático,Hibrido,Santiago,python
3,Alvaro,Orrego,Muñoz,31271572,alv.orrego@duocuc.cl,Independencia,Duoc UC,Instituto,Superior completa,Ing. en Informática,Resolución de problemas,Español,Reconocimiento en competencia de conocimientos,,,,,,,,,,python,144,2023-11-18 00:00:00,1200000,Tengo experiencia en...,142,Científico de datos,2023-11-16 00:00:00,5,Analista de Datos,Hibrido,Las Condes,sql
3,Alvaro,Orrego,Muñoz,31271572,alv.orrego@duocuc.cl,Independencia,Duoc UC,Instituto,Superior completa,Ing. en Informática,Resolución de problemas,Español,Reconocimiento en competencia de conocimientos,,,,,,,,,,sql,144,2023-11-18 00:00:00,1200000,Tengo experiencia en...,142,Científico de datos,2023-11-16 00:00:00,5,Analista de Datos,Hibrido,Las Condes,sql
3,Alvaro,Orrego,Muñoz,31271572,alv.orrego@duocuc.cl,Independencia,Duoc UC,Instituto,Superior completa,Ing. en Informática,Resolución de problemas,Español,Reconocimiento en competencia de conocimientos,,,,,,,,,,JavaScript,144,2023-11-18 00:00:00,1200000,Tengo experiencia en...,142,Científico de datos,2023-11-16 00:00:00,5,Analista de Datos,Hibrido,Las Condes,sql
3,Alvaro,Orrego,Muñoz,31271572,alv.orrego@duocuc.cl,Independencia,Duoc UC,Instituto,Superior completa,Ing. en Informática,Resolución de problemas,Español,Reconocimiento en competencia de conocimientos,,,,,,,,,,python,144,2023-11-18 00:00:00,1200000,Tengo experiencia en...,142,Científico de datos,2023-11-16 00:00:00,5,Analista de Datos,Hibrido,Las Condes,R
3,Alvaro,Orrego,Muñoz,31271572,alv.orrego@duocuc.cl,Independencia,Duoc UC,Instituto,Superior completa,Ing. en Informática,Resolución de problemas,Español,Reconocimiento en competencia de conocimientos,,,,,,,,,,sql,144,2023-11-18 00:00:00,1200000,Tengo experiencia en...,142,Científico de datos,2023-11-16 00:00:00,5,Analista de Datos,Hibrido,Las Condes,R
3,Alvaro,Orrego,Muñoz,31271572,alv.orrego@duocuc.cl,Independencia,Duoc UC,Instituto,Superior completa,Ing. en Informática,Resolución de problemas,Español,Reconocimiento en competencia de conocimientos,,,,,,,,,,JavaScript,144,2023-11-18 00:00:00,1200000,Tengo experiencia en...,142,Científico de datos,2023-11-16 00:00:00,5,Analista de Datos,Hibrido,Las Condes,R
3,Alvaro,Orrego,Muñoz,31271572,alv.orrego@duocuc.cl,Independencia,Duoc UC,Instituto,Superior completa,Ing. en Informática,Resolución de problemas,Español,Reconocimiento en competencia de conocimientos,,,,,,,,,,python,144,2023-11-18 00:00:00,1200000,Tengo experiencia en...,142,Científico de datos,2023-11-16 00:00:00,5,Analista de Datos,Hibrido,Las Condes,JavaScript
3,Alvaro,Orrego,Muñoz,31271572,alv.orrego@duocuc.cl,Independencia,Duoc UC,Instituto,Superior completa,Ing. en Informática,Resolución de problemas,Español,Reconocimiento en competencia de conocimientos,,,,,,,,,,sql,144,2023-11-18 00:00:00,1200000,Tengo experiencia en...,142,Científico de datos,2023-11-16 00:00:00,5,Analista de Datos,Hibrido,Las Condes,JavaScript
3,Alvaro,Orrego,Muñoz,31271572,alv.orrego@duocuc.cl,Independencia,Duoc UC,Instituto,Superior completa,Ing. en Informática,Resolución de problemas,Español,Reconocimiento en competencia de conocimientos,,,,,,,,,,JavaScript,144,2023-11-18 00:00:00,1200000,Tengo experiencia en...,142,Científico de datos,2023-11-16 00:00:00,5,Analista de Datos,Hibrido,Las Condes,JavaScript
3,Alvaro,Orrego,Muñoz,31271572,alv.orrego@duocuc.cl,Independencia,Duoc UC,Instituto,Superior completa,Ing. en Informática,Resolución de problemas,Español,Reconocimiento en competencia de conocimientos,,,,,,,,,,python,25,2023-11-12 00:00:00,1500000,asdadad13123adasdasd,438,Ing. Informático,2023-11-10 00:00:00,2,Ingeniero Informático,Hibrido,Santiago,sql
3,Alvaro,Orrego,Muñoz,31271572,alv.orrego@duocuc.cl,Independencia,Duoc UC,Instituto,Superior completa,Ing. en Informática,Resolución de problemas,Español,Reconocimiento en competencia de conocimientos,,,,,,,,,,sql,25,2023-11-12 00:00:00,1500000,asdadad13123adasdasd,438,Ing. Informático,2023-11-10 00:00:00,2,Ingeniero Informático,Hibrido,Santiago,sql
3,Alvaro,Orrego,Muñoz,31271572,alv.orrego@duocuc.cl,Independencia,Duoc UC,Instituto,Superior completa,Ing. en Informática,Resolución de problemas,Español,Reconocimiento en competencia de conocimientos,,,,,,,,,,JavaScript,25,2023-11-12 00:00:00,1500000,asdadad13123adasdasd,438,Ing. Informático,2023-11-10 00:00:00,2,Ingeniero Informático,Hibrido,Santiago,sql
3,Alvaro,Orrego,Muñoz,31271572,alv.orrego@duocuc.cl,Independencia,Duoc UC,Instituto,Superior completa,Ing. en Informática,Resolución de problemas,Español,Reconocimiento en competencia de conocimientos,,,,,,,,,,python,25,2023-11-12 00:00:00,1500000,asdadad13123adasdasd,438,Ing. Informático,2023-11-10 00:00:00,2,Ingeniero Informático,Hibrido,Santiago,python
3,Alvaro,Orrego,Muñoz,31271572,alv.orrego@duocuc.cl,Independencia,Duoc UC,Instituto,Superior completa,Ing. en Informática,Resolución de problemas,Español,Reconocimiento en competencia de conocimientos,,,,,,,,,,sql,25,2023-11-12 00:00:00,1500000,asdadad13123adasdasd,438,Ing. Informático,2023-11-10 00:00:00,2,Ingeniero Informático,Hibrido,Santiago,python
3,Alvaro,Orrego,Muñoz,31271572,alv.orrego@duocuc.cl,Independencia,Duoc UC,Instituto,Superior completa,Ing. en Informática,Resolución de problemas,Español,Reconocimiento en competencia de conocimientos,,,,,,,,,,JavaScript,25,2023-11-12 00:00:00,1500000,asdadad13123adasdasd,438,Ing. Informático,2023-11-10 00:00:00,2,Ingeniero Informático,Hibrido,Santiago,python
3,Alvaro,Orrego,Muñoz,31271572,alv.orrego@duocuc.cl,Independencia,Duoc UC,Instituto,Superior completa,Ing. en Informática,Resolución de problemas,Francés,Reconocimiento en competencia de conocimientos,,,,,,,,,,python,144,2023-11-18 00:00:00,1200000,Tengo experiencia en...,142,Científico de datos,2023-11-16 00:00:00,5,Analista de Datos,Hibrido,Las Condes,sql
3,Alvaro,Orrego,Muñoz,31271572,alv.orrego@duocuc.cl,Independencia,Duoc UC,Instituto,Superior completa,Ing. en Informática,Resolución de problemas,Francés,Reconocimiento en competencia de conocimientos,,,,,,,,,,sql,144,2023-11-18 00:00:00,1200000,Tengo experiencia en...,142,Científico de datos,2023-11-16 00:00:00,5,Analista de Datos,Hibrido,Las Condes,sql
3,Alvaro,Orrego,Muñoz,31271572,alv.orrego@duocuc.cl,Independencia,Duoc UC,Instituto,Superior completa,Ing. en Informática,Resolución de problemas,Francés,Reconocimiento en competencia de conocimientos,,,,,,,,,,JavaScript,144,2023-11-18 00:00:00,1200000,Tengo experiencia en...,142,Científico de datos,2023-11-16 00:00:00,5,Analista de Datos,Hibrido,Las Condes,sql
3,Alvaro,Orrego,Muñoz,31271572,alv.orrego@duocuc.cl,Independencia,Duoc UC,Instituto,Superior completa,Ing. en Informática,Resolución de problemas,Francés,Reconocimiento en competencia de conocimientos,,,,,,,,,,python,144,2023-11-18 00:00:00,1200000,Tengo experiencia en...,142,Científico de datos,2023-11-16 00:00:00,5,Analista de Datos,Hibrido,Las Condes,R
3,Alvaro,Orrego,Muñoz,31271572,alv.orrego@duocuc.cl,Independencia,Duoc UC,Instituto,Superior completa,Ing. en Informática,Resolución de problemas,Francés,Reconocimiento en competencia de conocimientos,,,,,,,,,,sql,144,2023-11-18 00:00:00,1200000,Tengo experiencia en...,142,Científico de datos,2023-11-16 00:00:00,5,Analista de Datos,Hibrido,Las Condes,R
3,Alvaro,Orrego,Muñoz,31271572,alv.orrego@duocuc.cl,Independencia,Duoc UC,Instituto,Superior completa,Ing. en Informática,Resolución de problemas,Francés,Reconocimiento en competencia de conocimientos,,,,,,,,,,JavaScript,144,2023-11-18 00:00:00,1200000,Tengo experiencia en...,142,Científico de datos,2023-11-16 00:00:00,5,Analista de Datos,Hibrido,Las Condes,R
3,Alvaro,Orrego,Muñoz,31271572,alv.orrego@duocuc.cl,Independencia,Duoc UC,Instituto,Superior completa,Ing. en Informática,Resolución de problemas,Francés,Reconocimiento en competencia de conocimientos,,,,,,,,,,python,144,2023-11-18 00:00:00,1200000,Tengo experiencia en...,142,Científico de datos,2023-11-16 00:00:00,5,Analista de Datos,Hibrido,Las Condes,JavaScript
3,Alvaro,Orrego,Muñoz,31271572,alv.orrego@duocuc.cl,Independencia,Duoc UC,Instituto,Superior completa,Ing. en Informática,Resolución de problemas,Francés,Reconocimiento en competencia de conocimientos,,,,,,,,,,sql,144,2023-11-18 00:00:00,1200000,Tengo experiencia en...,142,Científico de datos,2023-11-16 00:00:00,5,Analista de Datos,Hibrido,Las Condes,JavaScript
3,Alvaro,Orrego,Muñoz,31271572,alv.orrego@duocuc.cl,Independencia,Duoc UC,Instituto,Superior completa,Ing. en Informática,Resolución de problemas,Francés,Reconocimiento en competencia de conocimientos,,,,,,,,,,JavaScript,144,2023-11-18 00:00:00,1200000,Tengo experiencia en...,142,Científico de datos,2023-11-16 00:00:00,5,Analista de Datos,Hibrido,Las Condes,JavaScript
3,Alvaro,Orrego,Muñoz,31271572,alv.orrego@duocuc.cl,Independencia,Duoc UC,Instituto,Superior completa,Ing. en Informática,Resolución de problemas,Francés,Reconocimiento en competencia de conocimientos,,,,,,,,,,python,25,2023-11-12 00:00:00,1500000,asdadad13123adasdasd,438,Ing. Informático,2023-11-10 00:00:00,2,Ingeniero Informático,Hibrido,Santiago,sql
3,Alvaro,Orrego,Muñoz,31271572,alv.orrego@duocuc.cl,Independencia,Duoc UC,Instituto,Superior completa,Ing. en Informática,Resolución de problemas,Francés,Reconocimiento en competencia de conocimientos,,,,,,,,,,sql,25,2023-11-12 00:00:00,1500000,asdadad13123adasdasd,438,Ing. Informático,2023-11-10 00:00:00,2,Ingeniero Informático,Hibrido,Santiago,sql
3,Alvaro,Orrego,Muñoz,31271572,alv.orrego@duocuc.cl,Independencia,Duoc UC,Instituto,Superior completa,Ing. en Informática,Resolución de problemas,Francés,Reconocimiento en competencia de conocimientos,,,,,,,,,,JavaScript,25,2023-11-12 00:00:00,1500000,asdadad13123adasdasd,438,Ing. Informático,2023-11-10 00:00:00,2,Ingeniero Informático,Hibrido,Santiago,sql
3,Alvaro,Orrego,Muñoz,31271572,alv.orrego@duocuc.cl,Independencia,Duoc UC,Instituto,Superior completa,Ing. en Informática,Resolución de problemas,Francés,Reconocimiento en competencia de conocimientos,,,,,,,,,,python,25,2023-11-12 00:00:00,1500000,asdadad13123adasdasd,438,Ing. Informático,2023-11-10 00:00:00,2,Ingeniero Informático,Hibrido,Santiago,python
3,Alvaro,Orrego,Muñoz,31271572,alv.orrego@duocuc.cl,Independencia,Duoc UC,Instituto,Superior completa,Ing. en Informática,Resolución de problemas,Francés,Reconocimiento en competencia de conocimientos,,,,,,,,,,sql,25,2023-11-12 00:00:00,1500000,asdadad13123adasdasd,438,Ing. Informático,2023-11-10 00:00:00,2,Ingeniero Informático,Hibrido,Santiago,python
3,Alvaro,Orrego,Muñoz,31271572,alv.orrego@duocuc.cl,Independencia,Duoc UC,Instituto,Superior completa,Ing. en Informática,Resolución de problemas,Francés,Reconocimiento en competencia de conocimientos,,,,,,,,,,JavaScript,25,2023-11-12 00:00:00,1500000,asdadad13123adasdasd,438,Ing. Informático,2023-11-10 00:00:00,2,Ingeniero Informático,Hibrido,Santiago,python
,,,,,,,,,,,,,,,,,,,,,,,,,,,,153,Ing. en Ciberseguridad,2023-11-18 00:00:00,2,Ingeniero Informático,Hibrido,Santiago,
,,,,,,,,,,,,,,,,,,,,,,,,,,,,154,Ing. en Ciberseguridad,2023-11-18 00:00:00,2,Contador/a,Hibrido,Santiago,
